CustomerID,Age,Gender,YearsInsured,NumPreviousClaims,PremiumPlan,AnnualPremium,Region,CreditScore
C0001,20,M,24,1,Basic,712.21,north,625.0
C0002,25,F,21,1,Gold,"1,666.40",NORTH,769.0
C0003,45,M,16,2,Gold,"1,532.68",north,782.0
C0004,75,F,2,1,Gold,615.31,north,806.0
C0005,9,M,4,1,Basic,"1,574.58",south,405.0
C0006,32,F,13,0,Basic,"1,722.73",N,804.0
C0007,48,M,21,0,Basic,"1,299.66",south,795.0
C0008,71,M,16,1,Gold,"1,523.36",South,733.0
C0009,47,M,0,3,Silver,"1,239.65",North,737.0
C0010,70,F,6,1,Basic,"1,267.68",East,754.0
C0011,24,F,8,2,Basic,"1,838.04",N,646.0
C0012,31,M,15,1,Silver,"1,050.78",north,655.0
C0013,47,M,11,2,Basic,"1,754.81",West,707.0
C0014,21,F,19,1,Basic,"1,393.12",West,788.0
C0015,73,F,16,0,Basic,"2,278.91",south,762.0
C0016,32,M,15,0,Silver,"1,508.07",N,692.0
C0017,46,F,7,1,Silver,"1,671.20",N,622.0
C0018,51,M,0,0,Basic,"1,590.47",NORTH,593.0
C0019,140,M,4,3,Silver,"1,262.76",south,779.0
C0020,26,F,14,1,Silver,"1,795.84",NORTH,688.0
C0021,51,M,11,1,Silver,"1,093.79",north,701.0
C0022,26,M,12,2,Silver,"1,802.12",South,676.0
C0023,66,M,5,1,Basic,"1,380.87",south,565.0
C0024,39,F,6,1,Silver,"1,381.92",N,767.0
C0025,52,M,17,3,Gold,"1,940.48",south,651.0
C0026,67,F,-3,1,Basic,"1,662.77",north,477.0
C0027,57,F,19,1,Basic,"1,914.37",south,807.0
C0028,44,M,6,1,Silver,"1,208.70",north,616.0
C0029,23,F,2,1,Silver,"1,259.22",West,571.0
C0030,70,M,8,0,Basic,"1,335.94",West,587.0
C0031,67,F,18,0,Basic,901.44,North,690.0
C0032,79,F,10,3,Silver,"2,207.42",West,638.0
C0033,36,M,2,1,Basic,"1,534.18",West,820.0
C0034,77,M,18,0,Silver,"1,662.23",west,611.0
C0035,28,F,2,1,Silver,722.44,East,820.0
C0036,71,M,9,1,Basic,500.00,North,693.0
C0037,66,F,11,1,Basic,"1,377.60",East,621.0
C0038,34,M,10,1,Basic,"1,411.89",north,850.0
C0039,48,F,4,1,Gold,500.00,South,719.0
C0040,39,F,22,1,Silver,"1,603.74",north,706.0
C0041,60,M,22,1,Basic,"1,151.64",south,
C0042,50,M,15,0,Silver,"1,957.73",west,703.0
C0043,48,F,4,2,Basic,"1,065.41",E,685.0
C0044,25,M,16,1,Basic,"1,876.39",NORTH,586.0
C0045,73,F,9,2,Silver,931.83,west,665.0
C0046,76,F,21,2,Gold,"1,813.01",West,647.0
C0047,59,M,16,2,Gold,"1,931.07",East,850.0
C0048,72,F,18,0,Silver,"1,118.29",North,
C0049,19,F,8,1,Basic,"1,625.70",north,678.0
C0050,34,F,19,2,Basic,"1,013.53",N,617.0
C0051,22,F,7,1,Silver,"1,640.92",N,707.0
C0052,55,M,8,2,Silver,996.26,East,619.0
C0053,52,M,10,0,Basic,"1,758.45",North,525.0
C0054,56,M,15,0,Silver,"1,056.68",south,660.0
C0055,28,M,24,3,Silver,"1,330.06",North,656.0
C0056,43,M,5,1,Silver,"1,709.54",N,648.0
C0057,68,M,19,1,Silver,"1,274.15",N,733.0
C0058,38,M,13,1,Silver,"1,523.73",NORTH,631.0
C0059,53,F,16,0,Basic,"1,548.24",E,643.0
C0060,54,F,13,2,Silver,"2,019.65",South,755.0
C0061,43,M,18,0,Basic,"2,132.41",South,627.0
C0062,50,F,22,2,Basic,"1,012.32",East,679.0
C0063,74,F,9,1,Silver,"1,517.62",North,
C0064,22,F,20,3,Silver,"1,661.08",south,611.0
C0065,28,F,11,3,Silver,"1,871.54",west,788.0
C0066,57,F,1,0,Basic,"2,127.79",E,683.0
C0067,51,F,24,1,Basic,"1,853.43",East,745.0
C0068,64,M,4,2,Basic,"2,315.22",South,628.0
C0069,56,F,6,3,Basic,"1,295.91",South,638.0
C0070,77,M,21,1,Silver,"1,484.87",South,665.0
C0071,41,M,16,0,Silver,"1,683.32",North,761.0
C0072,43,M,18,3,Basic,"1,856.46",NORTH,700.0
C0073,34,M,21,2,Silver,"1,225.80",south,593.0
C0074,30,F,22,0,Basic,"1,539.34",NORTH,665.0
C0075,30,F,15,2,Silver,946.83,west,782.0
C0076,48,M,6,2,Basic,"2,008.85",E,824.0
C0077,31,M,18,0,Basic,"1,541.73",north,709.0
C0078,78,F,14,2,Basic,"1,259.66",south,634.0
C0079,33,M,12,1,Silver,"1,106.21",N,831.0
C0080,26,M,0,2,Silver,"2,155.62",west,605.0
C0081,51,F,22,0,Silver,"1,546.78",south,566.0
C0082,26,F,1,0,Basic,"1,223.61",North,774.0
C0083,21,F,9,1,Silver,"1,997.91",N,640.0
C0084,39,M,23,2,Silver,"1,213.47",South,619.0
C0085,80,M,2,1,Basic,"1,067.09",north,766.0
C0086,55,M,10,3,Silver,"1,561.97",N,567.0
C0087,51,F,18,0,Silver,"1,507.12",west,627.0
C0088,39,M,6,1,Basic,"1,017.73",E,738.0
C0089,52,F,10,1,Silver,899.20,West,675.0
C0090,21,M,11,0,Basic,919.79,NORTH,640.0
C0091,34,M,16,1,Gold,673.96,NORTH,605.0
C0092,19,F,17,2,Gold,557.22,west,772.0
C0093,33,M,5,1,Silver,"1,861.97",East,783.0
C0094,62,M,8,0,Basic,557.26,west,715.0
C0095,52,F,7,2,Silver,"2,086.73",South,588.0
C0096,33,F,11,2,Silver,"1,425.70",west,433.0
C0097,79,F,3,1,Gold,"1,246.49",north,496.0
C0098,49,F,20,2,Silver,"1,307.22",west,589.0
C0099,51,M,18,3,Gold,"1,203.52",N,635.0
C0100,70,F,16,2,Gold,"2,030.45",E,738.0
C0101,70,M,22,2,Gold,"1,266.53",west,496.0
C0102,67,F,16,1,Silver,"1,447.69",N,545.0
C0103,79,F,5,1,Silver,"1,355.43",West,801.0
C0104,71,F,13,1,Gold,"1,503.91",East,711.0
C0105,22,F,2,1,Basic,"1,693.40",north,637.0
C0106,38,M,6,5,Silver,"2,342.89",N,629.0
C0107,21,M,16,2,Gold,"1,452.52",west,632.0
C0108,44,M,10,1,Silver,"1,114.55",E,787.0
C0109,24,F,19,5,Basic,"2,091.40",E,710.0
C0110,74,M,10,2,Basic,"1,615.69",North,678.0
C0111,56,F,4,2,Silver,"1,363.49",north,636.0
C0112,33,M,17,1,Basic,"1,623.99",North,574.0
C0113,58,F,22,0,Silver,"1,645.69",NORTH,711.0
C0114,63,M,19,0,Gold,797.27,north,626.0
C0115,76,F,18,1,Silver,"1,617.07",NORTH,725.0
C0116,42,F,13,3,Silver,"1,124.17",West,596.0
C0117,67,M,16,2,Basic,"1,240.42",E,762.0
C0118,22,M,24,0,Basic,"1,603.57",N,741.0
C0119,40,F,13,1,Gold,"1,879.00",South,799.0
C0120,52,M,11,2,Basic,"1,662.61",E,724.0
C0121,56,F,12,2,Basic,"1,714.56",South,
C0122,78,F,6,0,Gold,"1,113.08",North,592.0
C0123,48,M,4,2,Silver,998.83,East,541.0
C0124,36,F,6,2,Silver,"2,162.91",NORTH,763.0
C0125,53,F,14,1,Basic,868.56,north,829.0
C0126,32,F,23,1,Basic,"1,565.21",south,776.0
C0127,41,M,4,1,Gold,993.59,N,
C0128,68,M,20,1,Gold,"2,311.85",NORTH,656.0
C0129,40,F,7,2,Basic,"1,933.12",West,443.0
C0130,54,F,2,1,Silver,500.00,west,805.0
C0131,38,M,6,4,Basic,"1,881.36",South,688.0
C0132,27,M,12,3,Silver,"1,389.33",west,627.0
C0133,54,F,8,1,Basic,"1,085.38",E,635.0
C0134,52,M,6,1,Basic,960.69,E,729.0
C0135,33,M,19,2,Gold,"2,124.23",west,763.0
C0136,50,F,8,1,Basic,946.41,north,611.0
C0137,23,F,9,2,Silver,"1,841.85",N,689.0
C0138,57,M,0,3,Gold,"1,101.94",N,702.0
C0139,47,M,24,1,Silver,"1,094.50",E,742.0
C0140,41,M,21,0,Gold,"1,215.66",NORTH,655.0
C0141,79,M,2,1,Basic,"1,979.69",E,850.0
C0142,53,M,7,3,Basic,"1,366.30",West,693.0
C0143,19,F,2,3,Basic,"1,101.00",N,612.0
C0144,73,F,18,0,Silver,"1,383.29",South,638.0
C0145,73,M,4,2,Silver,"1,530.06",E,679.0
C0146,79,M,0,2,Gold,"1,922.62",N,589.0
C0147,51,M,3,0,Basic,"1,837.38",East,850.0
C0148,63,M,10,0,Basic,"1,255.37",south,710.0
C0149,27,F,16,1,Basic,987.09,East,791.0
C0150,35,F,17,2,Basic,"1,355.52",E,772.0
C0151,44,F,17,4,Basic,"1,182.46",South,638.0
C0152,41,M,1,1,Basic,"2,124.25",West,839.0
C0153,62,F,22,2,Silver,"1,342.53",west,525.0
C0154,44,F,6,0,Basic,"1,802.48",west,654.0
C0155,52,F,2,2,Gold,"1,489.28",South,704.0
C0156,23,M,2,1,Silver,"1,325.78",E,617.0
C0157,29,M,14,1,Basic,"2,075.63",E,627.0
C0158,36,M,0,0,Basic,"1,388.43",south,727.0
C0159,40,F,7,3,Silver,"1,914.94",NORTH,537.0
C0160,39,M,24,1,Basic,"1,456.89",north,
C0161,77,F,9,0,Basic,"1,905.92",north,598.0
C0162,25,M,22,2,Gold,561.73,E,696.0
C0163,79,M,0,1,Basic,"2,039.66",E,635.0
C0164,81,F,18,1,Basic,"1,010.18",north,680.0
C0165,72,F,24,3,Gold,786.57,NORTH,646.0
C0166,70,F,18,2,Basic,"1,374.27",North,537.0
C0167,46,M,1,0,Basic,"1,248.96",NORTH,642.0
C0168,29,M,20,0,Silver,"1,922.47",north,638.0
C0169,28,F,16,1,Basic,"1,794.65",NORTH,829.0
C0170,42,F,8,1,Basic,"1,018.75",N,850.0
C0171,51,M,4,0,Silver,"1,243.79",North,777.0
C0172,58,M,7,1,Silver,943.70,north,667.0
C0173,19,M,2,2,Gold,"1,433.25",west,729.0
C0174,27,F,18,2,Gold,"1,536.41",West,672.0
C0175,67,M,8,1,Basic,"1,747.70",E,850.0
C0176,45,F,12,2,Basic,"1,304.20",south,804.0
C0177,78,F,13,2,Silver,"1,672.71",East,627.0
C0178,58,F,9,4,Silver,"1,758.59",East,751.0
C0179,24,F,12,0,Silver,"1,375.96",NORTH,724.0
C0180,78,M,3,0,Silver,"1,795.38",N,729.0
C0181,67,M,14,1,Basic,"1,594.19",West,779.0
C0182,48,F,16,2,Silver,653.69,East,550.0
C0183,69,M,1,2,Silver,"1,081.29",West,744.0
C0184,25,F,7,2,Gold,"1,300.93",south,592.0
C0185,78,M,8,0,Silver,"1,925.92",west,706.0
C0186,61,F,5,1,Basic,"1,803.92",NORTH,758.0
C0187,27,M,23,1,Basic,"1,512.23",E,781.0
C0188,44,F,4,2,Silver,"1,753.12",west,605.0
C0189,47,F,21,0,Basic,789.29,west,708.0
C0190,51,F,13,0,Basic,"1,670.73",South,706.0
C0191,19,M,18,1,Basic,"1,921.24",E,749.0
C0192,57,M,15,1,Basic,"1,002.01",South,742.0
C0193,66,F,2,1,Basic,"1,053.57",west,769.0
C0194,68,M,19,1,Basic,786.10,south,577.0
C0195,42,F,6,0,Gold,"1,643.46",East,601.0
C0196,60,F,5,0,Gold,"1,525.77",South,691.0
C0197,36,M,18,1,Basic,"1,710.74",west,633.0
C0198,64,M,10,0,Basic,"2,248.09",west,686.0
C0199,33,M,8,1,Basic,"2,083.59",E,797.0
C0200,71,F,15,2,Basic,"1,446.74",N,672.0
C0201,47,F,12,1,Basic,"2,021.39",south,594.0
C0202,22,F,10,0,Basic,"1,318.06",NORTH,705.0
C0203,32,M,7,2,Basic,"1,113.24",west,644.0
C0204,72,F,2,0,Silver,"1,178.88",South,707.0
C0205,39,F,15,5,Basic,"2,091.01",North,643.0
C0206,70,M,14,0,Gold,"1,939.08",south,794.0
C0207,55,M,14,3,Basic,"2,218.44",N,655.0
C0208,37,F,4,1,Basic,525.09,East,722.0
C0209,76,F,17,1,Basic,"1,249.72",north,726.0
C0210,20,F,9,0,Silver,"1,081.75",west,634.0
C0211,73,F,16,4,Basic,"1,872.95",West,624.0
C0212,44,F,4,0,Gold,"1,820.19",E,727.0
C0213,79,F,6,2,Basic,"1,641.99",north,692.0
C0214,32,F,5,0,Silver,"1,525.40",E,659.0
C0215,51,M,0,0,Silver,"1,107.67",West,626.0
C0216,30,F,17,1,Silver,"1,123.08",N,
C0217,59,M,14,0,Silver,500.00,west,689.0
C0218,23,F,14,2,Silver,"1,186.15",south,775.0
C0219,55,M,2,2,Basic,"1,292.31",West,574.0
C0220,55,M,3,1,Silver,941.43,West,850.0
C0221,70,F,1,2,Basic,"1,434.30",E,833.0
C0222,65,F,23,2,Basic,"2,183.77",West,748.0
C0223,49,F,23,1,Basic,"1,767.01",north,605.0
C0224,52,F,15,3,Basic,741.55,West,785.0
C0225,50,F,15,1,Basic,"1,986.03",NORTH,771.0
C0226,68,F,14,1,Silver,"1,214.85",north,659.0
C0227,75,M,13,0,Basic,"1,123.21",North,658.0
C0228,50,F,6,1,Gold,"1,243.28",north,665.0
C0229,46,F,8,1,Silver,"2,166.10",West,740.0
C0230,32,F,3,0,Silver,831.40,NORTH,
C0231,25,F,11,1,Basic,903.37,south,828.0
C0232,38,F,9,0,Basic,"1,321.98",South,601.0
C0233,49,M,3,2,Basic,500.00,North,523.0
C0234,57,F,8,0,Basic,"1,302.68",South,772.0
C0235,63,F,11,0,Gold,"1,069.50",North,702.0
C0236,73,F,8,0,Basic,930.51,East,797.0
C0237,28,M,14,3,Silver,"1,419.57",E,716.0
C0238,45,F,12,0,Basic,"1,625.18",East,605.0
C0239,59,M,24,0,Silver,"1,595.23",East,585.0
C0240,32,M,21,1,Basic,"1,867.84",East,761.0
C0241,41,F,8,1,Silver,"1,704.80",South,678.0
C0242,23,M,7,1,Basic,"1,954.86",N,708.0
C0243,39,M,18,1,Gold,"1,514.23",N,564.0
C0244,32,M,9,1,Basic,830.44,North,768.0
C0245,42,F,5,1,Basic,"1,015.22",E,701.0
C0246,38,F,16,2,Basic,"1,657.28",N,687.0
C0247,30,M,18,0,Silver,"1,123.25",NORTH,748.0
C0248,37,M,0,2,Silver,"1,303.63",East,514.0
C0249,64,F,10,2,Silver,"2,018.01",south,778.0
C0250,76,F,19,0,Basic,818.46,North,653.0
C0251,44,M,23,0,Basic,"1,277.12",NORTH,647.0
C0252,50,F,22,2,Basic,722.75,South,453.0
C0253,21,M,6,2,Gold,"1,345.17",west,587.0
C0254,39,F,0,2,Silver,"1,968.91",north,
C0255,44,M,8,0,Gold,"1,963.39",west,622.0
C0256,46,M,15,1,Basic,"2,010.17",North,694.0
C0257,73,M,23,1,Gold,"1,277.54",north,689.0
C0258,67,M,22,1,Silver,"2,320.71",West,780.0
C0259,49,F,16,3,Basic,"1,131.46",north,673.0
C0260,32,M,12,3,Basic,"1,263.79",NORTH,705.0
C0261,64,F,24,2,Gold,"1,490.88",west,531.0
C0262,36,F,10,2,Gold,"1,954.79",north,732.0
C0263,58,F,14,2,Silver,759.19,west,827.0
C0264,67,F,7,1,Gold,"2,440.42",south,618.0
C0265,70,F,11,1,Gold,"1,159.25",East,780.0
C0266,65,M,7,0,Basic,"1,618.63",South,770.0
C0267,32,M,24,2,Silver,"1,028.71",E,619.0
C0268,27,F,23,0,Basic,"1,449.76",north,494.0
C0269,66,F,2,2,Gold,"1,227.89",north,592.0
C0270,58,F,12,2,Silver,"1,392.72",north,483.0
C0271,39,F,8,1,Basic,"1,110.93",West,787.0
C0272,34,M,3,2,Basic,704.22,N,
C0273,19,F,1,1,Basic,"1,974.10",E,741.0
C0274,55,F,23,2,Silver,"1,732.35",north,811.0
C0275,58,F,6,1,Basic,"1,764.99",west,798.0
C0276,34,F,20,1,Basic,"2,121.24",South,528.0
C0277,75,M,17,5,Silver,"1,417.46",East,647.0
C0278,58,F,12,2,Basic,"1,452.59",East,601.0
C0279,30,F,12,2,Basic,"1,357.73",west,604.0
C0280,33,F,16,0,Basic,"1,316.02",west,679.0
C0281,41,M,23,3,Gold,"2,156.33",North,604.0
C0282,33,M,19,2,Basic,"1,309.77",North,737.0
C0283,75,F,18,0,Basic,"1,442.04",West,573.0
C0284,40,F,12,1,Silver,"1,240.40",North,662.0
C0285,28,M,7,2,Gold,"1,803.95",N,806.0
C0286,54,F,21,1,Basic,"1,402.56",north,578.0
C0287,38,F,17,1,Basic,"1,335.13",South,815.0
C0288,65,M,24,4,Basic,"1,668.10",East,590.0
C0289,59,M,5,1,Basic,"1,744.97",West,657.0
C0290,49,M,1,0,Gold,"1,445.06",south,850.0
C0291,53,M,14,0,Basic,"1,322.74",South,646.0
C0292,73,M,9,2,Silver,"1,540.57",North,692.0
C0293,44,M,20,1,Gold,"1,683.17",East,655.0
C0294,71,M,23,3,Silver,"1,312.21",E,691.0
C0295,31,M,12,1,Basic,"1,465.76",north,570.0
C0296,48,M,12,1,Basic,"1,419.92",South,654.0
C0297,40,M,16,1,Basic,"1,277.82",East,518.0
C0298,36,F,1,0,Gold,"1,772.13",West,724.0
C0299,27,M,8,1,Silver,"1,163.72",E,667.0
C0300,74,F,17,0,Basic,"1,808.83",E,649.0
C0301,34,M,9,2,Basic,"1,035.30",west,539.0
C0302,67,F,15,2,Gold,"1,944.82",N,728.0
C0303,44,F,19,1,Basic,924.77,south,541.0
C0304,38,M,7,1,Basic,891.34,south,655.0
C0305,55,F,19,1,Basic,"1,988.93",north,566.0
C0306,46,F,23,2,Silver,"1,028.63",E,660.0
C0307,32,M,14,1,Gold,"1,145.63",south,720.0
C0308,54,F,3,1,Basic,"1,208.84",North,583.0
C0309,64,M,0,1,Gold,"1,068.08",South,850.0
C0310,64,F,0,0,Gold,"1,587.54",East,465.0
C0311,33,M,14,0,Basic,"2,190.22",E,850.0
C0312,69,M,24,0,Basic,"1,677.97",North,491.0
C0313,45,F,13,0,Basic,"1,310.40",north,682.0
C0314,70,M,19,0,Basic,"1,555.46",north,
C0315,28,M,19,0,Basic,"1,962.60",North,573.0
C0316,69,F,24,2,Silver,940.08,North,730.0
C0317,41,M,9,0,Basic,"1,947.82",North,663.0
C0318,48,M,9,0,Gold,"1,333.08",south,817.0
C0319,66,M,23,0,Basic,504.73,N,755.0
C0320,50,F,13,1,Silver,983.84,North,756.0
C0321,46,F,10,1,Gold,"1,051.12",N,798.0
C0322,28,M,18,0,Gold,816.40,North,783.0
C0323,60,F,3,0,Basic,"1,247.37",west,622.0
C0324,20,F,17,1,Silver,"1,141.97",North,597.0
C0325,74,F,5,0,Silver,"1,368.10",NORTH,708.0
C0326,20,M,2,1,Silver,"1,276.95",South,666.0
C0327,25,M,14,2,Silver,"1,735.72",West,608.0
C0328,25,F,17,1,Basic,"1,171.00",west,822.0
C0329,81,F,9,1,Gold,"1,496.81",E,700.0
C0330,28,M,7,2,Basic,"1,059.85",south,693.0
C0331,23,M,12,1,Silver,"1,825.93",NORTH,755.0
C0332,61,F,21,1,Gold,"1,553.01",west,766.0
C0333,71,M,2,2,Silver,"1,368.76",N,815.0
C0334,40,M,5,0,Silver,"1,377.55",N,657.0
C0335,31,M,19,0,Basic,"2,278.49",north,694.0
C0336,56,M,11,1,Silver,"1,861.10",NORTH,563.0
C0337,26,F,0,0,Gold,"1,707.24",E,833.0
C0338,68,M,21,1,Gold,"1,761.90",East,649.0
C0339,35,F,7,1,Basic,986.39,west,558.0
C0340,72,F,8,1,Gold,"1,441.97",E,635.0
C0341,71,F,4,0,Basic,"2,304.86",North,585.0
C0342,29,F,17,3,Basic,"1,986.83",E,850.0
C0343,62,F,13,2,Silver,"1,264.19",north,636.0
C0344,44,F,15,1,Silver,"1,344.64",NORTH,580.0
C0345,77,F,4,0,Gold,"1,546.11",East,606.0
C0346,49,F,17,0,Basic,"1,564.61",N,599.0
C0347,68,F,14,2,Gold,"2,040.56",West,760.0
C0348,58,F,9,0,Basic,"1,682.17",North,604.0
C0349,65,M,13,0,Basic,"2,282.99",West,536.0
C0350,64,M,5,0,Basic,807.60,NORTH,807.0
C0351,51,F,15,0,Silver,"1,865.10",E,638.0
C0352,24,F,2,1,Basic,"1,545.60",South,776.0
C0353,24,M,18,1,Gold,"1,410.45",south,627.0
C0354,28,M,5,0,Gold,803.62,E,702.0
C0355,79,F,23,0,Silver,"1,209.41",N,667.0
C0356,46,F,20,1,Basic,"1,589.89",E,605.0
C0357,69,M,0,2,Basic,"1,577.90",north,621.0
C0358,70,M,7,0,Basic,"1,359.66",South,750.0
C0359,19,M,3,5,Basic,"1,183.39",East,687.0
C0360,65,M,10,0,Silver,833.44,west,
C0361,75,F,5,0,Gold,"2,513.64",South,727.0
C0362,81,F,21,0,Gold,"1,203.64",north,788.0
C0363,51,M,7,1,Silver,734.79,N,677.0
C0364,38,M,22,2,Basic,"1,392.85",NORTH,721.0
C0365,59,M,19,0,Silver,"1,591.64",North,850.0
C0366,71,M,5,0,Gold,"1,368.01",N,764.0
C0367,43,F,18,0,Basic,537.45,E,558.0
C0368,77,F,23,1,Silver,695.34,North,624.0
C0369,53,M,7,2,Basic,"1,856.29",west,800.0
C0370,77,F,21,0,Gold,957.72,South,693.0
C0371,23,F,0,1,Basic,"1,193.61",North,514.0
C0372,46,F,6,1,Silver,"1,201.59",N,850.0
C0373,75,F,13,1,Basic,"1,885.68",north,705.0
C0374,78,F,3,2,Basic,"1,162.39",East,746.0
C0375,32,M,9,3,Silver,"1,223.24",E,438.0
C0376,81,M,2,4,Basic,"2,562.18",South,699.0
C0377,64,M,12,1,Silver,"1,239.26",North,623.0
C0378,65,F,20,1,Basic,"1,560.15",North,556.0
C0379,75,F,3,1,Basic,"1,325.41",North,831.0
C0380,41,F,4,4,Basic,"1,124.30",West,675.0
C0381,65,F,9,1,Gold,"1,843.85",south,660.0
C0382,36,F,5,1,Gold,978.40,NORTH,746.0
C0383,64,F,4,2,Basic,"1,986.40",East,648.0
C0384,62,M,7,0,Basic,"1,640.04",South,585.0
C0385,21,F,6,1,Gold,"1,359.22",south,812.0
C0386,75,M,3,3,Basic,"1,814.60",west,672.0
C0387,80,F,1,0,Gold,"2,060.85",NORTH,656.0
C0388,48,F,19,0,Silver,"1,727.92",N,777.0
C0389,69,M,10,1,Basic,"1,879.51",North,769.0
C0390,29,M,7,0,Silver,"2,185.66",West,736.0
C0391,52,M,16,1,Basic,"1,692.82",north,586.0
C0392,48,M,15,0,Basic,"2,074.92",E,639.0
C0393,72,F,21,0,Basic,"2,025.51",E,679.0
C0394,37,F,20,3,Basic,"1,058.77",south,637.0
C0395,79,F,4,0,Silver,"1,846.40",West,838.0
C0396,57,M,6,0,Basic,"1,329.41",north,552.0
C0397,19,M,18,1,Basic,602.10,NORTH,643.0
C0398,46,M,2,1,Gold,"1,505.44",N,
C0399,40,M,11,2,Basic,"1,427.41",E,595.0
C0400,61,M,23,0,Silver,"1,057.07",West,692.0
C0401,60,M,12,2,Basic,"1,995.95",N,708.0
C0402,79,F,5,2,Basic,"2,148.55",north,715.0
C0403,77,M,4,1,Gold,"1,904.40",north,668.0
C0404,81,M,5,0,Silver,"1,424.69",NORTH,
C0405,36,F,0,3,Gold,"1,612.60",South,496.0
C0406,65,M,22,2,Basic,"2,553.95",N,726.0
C0407,65,F,19,0,Gold,"1,515.82",East,711.0
C0408,38,F,5,1,Silver,"1,646.41",west,677.0
C0409,61,F,5,2,Silver,"1,692.88",East,667.0
C0410,24,M,12,1,Basic,"1,224.59",NORTH,573.0
C0411,38,M,14,3,Gold,"1,813.15",N,613.0
C0412,43,M,4,1,Silver,"2,444.61",south,557.0
C0413,45,M,9,0,Silver,"1,971.22",East,687.0
C0414,58,F,18,0,Gold,"1,386.23",N,601.0
C0415,61,F,23,2,Silver,"1,877.69",South,521.0
C0416,20,F,5,3,Silver,500.00,East,
C0417,41,M,8,1,Silver,817.25,South,727.0
C0418,48,M,0,1,Silver,939.20,West,703.0
C0419,77,F,6,1,Basic,"1,552.20",NORTH,749.0
C0420,20,M,15,0,Silver,844.46,NORTH,625.0
C0421,43,M,1,0,Basic,877.51,East,685.0
C0422,78,M,11,1,Silver,"1,836.07",west,674.0
C0423,28,F,20,4,Basic,"1,729.74",west,664.0
C0424,25,M,22,2,Basic,"1,401.29",South,561.0
C0425,48,M,10,0,Basic,913.70,E,569.0
C0426,59,F,10,0,Basic,"1,480.70",E,601.0
C0427,71,M,21,1,Basic,791.47,NORTH,648.0
C0428,46,F,7,0,Silver,720.82,north,546.0
C0429,22,M,11,0,Gold,"1,211.59",South,759.0
C0430,40,M,12,1,Basic,"1,351.51",south,529.0
C0431,19,F,20,0,Gold,"1,745.67",West,578.0
C0432,71,F,13,2,Silver,"1,053.32",N,731.0
C0433,49,F,19,0,Basic,"1,762.53",East,690.0
C0434,74,M,0,1,Basic,"1,776.36",NORTH,644.0
C0435,24,M,19,2,Gold,"1,241.55",N,802.0
C0436,45,F,16,1,Gold,"1,168.73",south,644.0
C0437,44,F,20,3,Silver,"1,450.39",north,674.0
C0438,75,F,17,1,Gold,"1,403.07",West,
C0439,56,F,23,2,Gold,"1,973.91",NORTH,591.0
C0440,29,M,8,0,Silver,"1,113.33",West,737.0
C0441,56,M,2,0,Silver,"1,677.83",north,769.0
C0442,52,M,4,1,Silver,"2,191.95",north,841.0
C0443,77,M,5,1,Basic,"1,799.05",N,784.0
C0444,54,F,11,1,Gold,"1,941.46",E,549.0
C0445,42,M,21,1,Gold,"1,883.90",west,635.0
C0446,19,M,23,1,Basic,"1,265.57",South,850.0
C0447,35,M,1,0,Basic,"1,535.85",South,669.0
C0448,62,M,0,2,Gold,"1,921.44",west,618.0
C0449,70,M,14,0,Basic,957.37,west,794.0
C0450,51,F,9,1,Silver,"1,652.27",west,757.0
C0451,63,F,6,1,Basic,"1,167.41",North,850.0
C0452,53,F,13,5,Gold,"1,526.20",north,685.0
C0453,30,F,18,0,Basic,"2,475.72",south,571.0
C0454,39,F,4,2,Gold,900.07,East,824.0
C0455,36,F,15,3,Basic,"2,223.08",E,814.0
C0456,29,M,9,0,Basic,"1,786.31",South,512.0
C0457,40,M,12,0,Gold,"1,750.33",north,521.0
C0458,81,F,3,0,Basic,"1,995.90",West,617.0
C0459,35,M,1,0,Basic,799.84,N,850.0
C0460,24,M,9,1,Basic,823.65,North,655.0
C0461,19,M,14,0,Basic,"1,215.20",North,686.0
C0462,75,M,20,2,Silver,754.89,East,669.0
C0463,29,F,3,0,Silver,"1,975.96",N,850.0
C0464,62,F,4,0,Silver,"1,573.63",west,570.0
C0465,31,F,9,0,Silver,"1,907.90",south,
C0466,50,F,9,2,Basic,749.12,North,658.0
C0467,27,F,11,0,Silver,"1,847.96",South,614.0
C0468,42,M,16,1,Basic,"1,407.54",N,699.0
C0469,19,M,12,0,Basic,"1,296.77",west,717.0
C0470,63,F,20,2,Silver,"1,393.86",NORTH,655.0
C0471,22,M,11,1,Basic,"2,014.46",west,567.0
C0472,41,F,14,1,Silver,"1,665.22",East,654.0
C0473,47,F,24,2,Basic,"1,004.78",E,
C0474,25,F,8,1,Basic,"1,877.62",NORTH,567.0
C0475,55,M,3,1,Basic,"2,131.90",south,609.0
C0476,71,F,9,2,Basic,"1,475.69",west,582.0
C0477,32,M,17,1,Silver,576.58,south,513.0
C0478,59,M,22,0,Silver,"1,454.94",West,654.0
C0479,43,F,24,2,Basic,"1,265.41",NORTH,537.0
C0480,54,F,23,1,Basic,"1,849.66",west,598.0
C0481,68,F,17,1,Basic,883.68,North,661.0
C0482,75,F,4,0,Gold,"1,430.55",north,606.0
C0483,32,F,7,0,Basic,744.22,west,505.0
C0484,22,M,21,1,Gold,798.27,west,810.0
C0485,54,F,8,2,Basic,"1,601.94",south,564.0
C0486,58,F,17,2,Basic,"1,017.48",south,532.0
C0487,42,F,16,1,Basic,"1,437.14",East,581.0
C0488,76,F,1,1,Gold,"1,167.99",west,615.0
C0489,69,M,23,1,Gold,"1,835.23",West,444.0
C0490,60,F,22,0,Basic,"1,045.58",west,672.0
C0491,65,F,4,3,Gold,"1,525.94",North,625.0
C0492,44,F,4,1,Silver,"1,760.45",west,660.0
C0493,72,M,5,3,Basic,701.25,north,645.0
C0494,23,M,9,2,Gold,"1,835.66",north,767.0
C0495,50,F,21,1,Silver,"1,334.24",south,628.0
C0496,61,F,4,1,Gold,"1,697.69",N,828.0
C0497,61,F,1,1,Gold,"1,179.39",West,454.0
C0498,31,M,10,2,Basic,"2,096.10",E,749.0
C0499,50,F,24,0,Basic,"1,675.50",East,647.0
C0500,67,M,11,1,Basic,"1,241.81",north,621.0
C0501,43,F,20,0,Gold,"2,045.71",west,617.0
C0502,80,M,22,1,Gold,637.84,E,750.0
C0503,55,M,14,2,Silver,"1,543.67",NORTH,780.0
C0504,31,F,2,0,Silver,"1,295.29",west,739.0
C0505,43,M,24,0,Basic,"1,212.28",E,670.0
C0506,32,M,0,2,Silver,862.91,south,602.0
C0507,25,M,2,2,Gold,"2,293.82",South,583.0
C0508,37,M,0,0,Basic,"1,716.62",north,615.0
C0509,37,F,5,0,Basic,"1,652.54",west,618.0
C0510,59,F,12,2,Basic,747.45,south,779.0
C0511,23,M,24,1,Basic,990.18,E,472.0
C0512,61,M,9,1,Basic,"1,602.24",E,604.0
C0513,49,M,24,3,Basic,"1,996.42",East,663.0
C0514,24,M,2,1,Basic,"2,106.62",West,780.0
C0515,54,F,14,1,Basic,"1,195.65",South,627.0
C0516,80,F,10,0,Silver,702.87,N,682.0
C0517,48,M,22,1,Gold,"1,425.53",West,523.0
C0518,38,M,24,2,Basic,"1,433.20",East,790.0
C0519,57,M,23,2,Basic,"1,070.82",South,759.0
C0520,43,M,9,1,Basic,"2,021.40",South,850.0
C0521,54,M,4,2,Basic,940.88,west,754.0
C0522,41,F,4,0,Basic,"1,403.85",south,682.0
C0523,64,M,15,1,Gold,"1,884.88",North,644.0
C0524,31,M,13,1,Silver,"1,839.84",E,631.0
C0525,30,M,8,0,Basic,"1,318.63",N,711.0
C0526,52,F,7,1,Silver,"1,686.55",west,668.0
C0527,29,F,0,1,Basic,"1,514.70",West,845.0
C0528,34,M,24,1,Basic,"1,040.00",north,577.0
C0529,66,M,24,1,Basic,"1,053.36",NORTH,596.0
C0530,43,M,13,0,Gold,"1,970.25",E,655.0
C0531,49,M,3,0,Silver,"1,098.92",East,565.0
C0532,28,F,20,0,Silver,652.89,E,702.0
C0533,81,F,14,1,Basic,"1,293.83",N,459.0
C0534,60,F,17,1,Silver,"1,310.76",west,613.0
C0535,22,F,2,0,Basic,"1,113.25",West,814.0
C0536,25,M,8,0,Basic,"1,924.83",north,694.0
C0537,67,M,15,1,Basic,573.69,south,578.0
C0538,27,F,1,0,Basic,962.22,E,739.0
C0539,45,F,20,2,Basic,"1,498.53",E,738.0
C0540,19,F,7,3,Silver,"1,456.66",north,633.0
C0541,57,M,19,0,Basic,"1,424.07",E,645.0
C0542,53,M,4,0,Silver,"1,780.36",N,614.0
C0543,23,M,18,1,Basic,"1,689.71",north,682.0
C0544,35,M,17,1,Silver,"1,751.30",N,479.0
C0545,68,M,19,1,Silver,"1,537.71",south,819.0
C0546,53,M,1,0,Basic,"1,078.13",West,703.0
C0547,39,F,8,0,Basic,"1,459.46",north,554.0
C0548,40,M,7,2,Basic,"1,921.47",West,533.0
C0549,19,F,6,5,Basic,"1,576.36",South,666.0
C0550,71,F,0,1,Basic,"1,255.65",West,558.0
C0551,74,F,12,3,Basic,"2,124.79",South,656.0
C0552,79,M,21,3,Basic,"1,066.00",NORTH,679.0
C0553,31,F,12,3,Gold,972.69,E,706.0
C0554,26,M,22,0,Silver,"1,674.09",E,736.0
C0555,40,F,8,0,Basic,"1,949.05",N,850.0
C0556,22,F,13,0,Silver,"1,646.72",west,774.0
C0557,81,F,2,0,Basic,"1,494.65",South,712.0
C0558,61,F,22,0,Silver,"1,657.30",south,657.0
C0559,80,F,11,4,Silver,"1,227.84",E,677.0
C0560,71,F,11,5,Silver,"1,266.57",north,822.0
C0561,31,M,12,0,Basic,"1,306.47",West,695.0
C0562,36,M,7,1,Silver,"1,972.61",East,750.0
C0563,56,F,23,1,Basic,"1,490.11",west,696.0
C0564,23,F,19,3,Basic,"1,713.97",N,549.0
C0565,77,F,20,1,Silver,"1,434.01",west,596.0
C0566,74,F,24,3,Silver,784.38,E,480.0
C0567,58,F,19,3,Gold,"2,089.21",south,680.0
C0568,28,M,12,1,Basic,"1,709.80",N,766.0
C0569,63,F,6,1,Silver,"1,159.32",East,664.0
C0570,37,M,14,2,Silver,"1,354.98",E,720.0
C0571,29,F,11,1,Basic,909.28,north,671.0
C0572,72,F,17,1,Basic,"1,316.90",NORTH,611.0
C0573,22,F,5,1,Basic,"1,448.46",E,738.0
C0574,39,M,16,1,Basic,795.02,west,657.0
C0575,26,F,16,1,Silver,"1,360.74",NORTH,649.0
C0576,51,M,1,1,Gold,940.83,N,690.0
C0577,62,M,7,1,Silver,"1,964.91",NORTH,664.0
C0578,56,F,15,0,Basic,"1,464.17",East,615.0
C0579,71,M,8,1,Gold,"1,555.15",East,746.0
C0580,46,F,5,1,Basic,"1,434.13",E,708.0
C0581,56,F,1,3,Basic,"1,215.42",North,693.0
C0582,46,F,20,2,Basic,925.61,NORTH,693.0
C0583,66,F,7,0,Basic,"1,178.92",N,505.0
C0584,36,M,0,1,Silver,"2,041.91",West,746.0
C0585,19,M,22,0,Silver,"1,944.35",South,613.0
C0586,20,F,4,1,Basic,"1,729.93",N,669.0
C0587,45,M,10,0,Basic,"1,768.28",West,605.0
C0588,64,M,14,1,Silver,"1,033.55",North,591.0
C0589,36,M,12,3,Basic,"1,769.73",South,666.0
C0590,75,F,2,1,Basic,608.26,E,701.0
C0591,34,M,1,1,Silver,"2,191.59",west,735.0
C0592,81,F,24,1,Basic,"2,134.07",west,529.0
C0593,28,M,14,3,Basic,"1,481.16",South,745.0
C0594,42,M,20,1,Gold,"1,946.40",N,672.0
C0595,51,M,1,4,Basic,"1,427.42",N,707.0
C0596,28,M,16,3,Gold,"1,532.94",E,534.0
C0597,52,M,0,2,Basic,"1,414.09",south,642.0
C0598,30,M,4,0,Gold,"1,846.00",East,489.0
C0599,74,M,22,0,Basic,"1,055.16",south,714.0
C0600,75,F,7,2,Gold,967.39,south,695.0
C0601,49,F,6,1,Gold,"1,156.94",North,618.0
C0602,46,F,6,1,Basic,"1,789.80",East,574.0
C0603,68,M,17,6,Basic,838.14,NORTH,698.0
C0604,64,M,10,3,Silver,755.53,East,586.0
C0605,81,F,17,0,Basic,"1,235.56",South,525.0
C0606,46,F,16,2,Silver,"1,156.78",North,665.0
C0607,64,M,9,0,Silver,"1,453.63",North,752.0
C0608,57,F,6,2,Basic,"1,679.38",N,632.0
C0609,62,F,8,2,Basic,"1,300.05",North,
C0610,53,F,17,1,Basic,"2,266.11",N,696.0
C0611,22,F,7,0,Gold,"1,714.08",E,850.0
C0612,60,M,12,0,Gold,"1,298.99",NORTH,572.0
C0613,74,M,11,1,Gold,925.96,West,629.0
C0614,56,M,13,1,Basic,"1,758.98",North,702.0
C0615,71,F,14,2,Gold,"1,371.18",west,784.0
C0616,72,M,9,1,Silver,"1,093.19",N,850.0
C0617,27,M,24,3,Gold,"1,207.57",north,635.0
C0618,53,F,20,0,Gold,"1,844.15",East,669.0
C0619,67,F,3,1,Basic,"1,681.61",west,549.0
C0620,41,M,17,1,Basic,"1,027.23",North,687.0
C0621,51,F,21,0,Silver,"1,313.30",West,592.0
C0622,39,F,13,0,Gold,"1,371.33",west,594.0
C0623,29,F,3,1,Silver,892.51,E,742.0
C0624,76,M,4,2,Silver,"1,147.89",West,651.0
C0625,24,F,13,0,Gold,"1,624.69",north,632.0
C0626,41,F,17,0,Basic,"1,003.31",South,635.0
C0627,74,F,5,1,Silver,"2,077.17",South,669.0
C0628,49,M,21,2,Silver,"1,057.15",west,738.0
C0629,56,M,7,1,Silver,"1,333.89",N,699.0
C0630,33,M,4,0,Silver,"1,801.14",East,482.0
C0631,58,M,2,1,Basic,"1,535.74",north,833.0
C0632,59,M,5,1,Gold,"1,739.21",E,694.0
C0633,34,M,13,1,Basic,"2,024.75",NORTH,523.0
C0634,52,M,23,0,Basic,"1,855.49",E,578.0
C0635,54,F,16,1,Gold,918.58,South,568.0
C0636,27,F,9,0,Gold,"1,175.33",East,664.0
C0637,46,F,9,3,Basic,"1,169.54",West,721.0
C0638,23,M,21,2,Basic,"1,497.29",west,721.0
C0639,80,M,13,2,Basic,"1,167.05",West,709.0
C0640,81,F,10,1,Silver,"1,391.97",N,821.0
C0641,73,F,10,2,Gold,"1,435.59",NORTH,602.0
C0642,75,F,8,3,Basic,"2,128.52",East,657.0
C0643,80,F,3,0,Silver,"1,394.86",East,850.0
C0644,51,M,7,0,Silver,"1,246.70",NORTH,697.0
C0645,71,F,8,1,Basic,"1,383.24",south,726.0
C0646,34,F,19,2,Basic,"1,291.28",south,740.0
C0647,48,M,1,1,Silver,"1,101.90",West,784.0
C0648,33,M,17,0,Basic,"1,998.36",West,
C0649,61,F,13,1,Silver,"1,618.05",N,608.0
C0650,74,M,13,2,Basic,"1,011.05",West,648.0
C0651,22,M,2,0,Silver,"1,432.54",North,602.0
C0652,56,M,2,3,Basic,926.76,NORTH,677.0
C0653,71,M,3,0,Silver,"1,943.23",N,664.0
C0654,35,M,4,2,Gold,"1,552.70",N,
C0655,41,M,19,1,Silver,"1,518.50",East,772.0
C0656,36,M,9,1,Silver,"1,664.93",west,740.0
C0657,77,M,3,1,Basic,"1,768.38",west,768.0
C0658,42,F,13,1,Basic,"1,221.75",South,682.0
C0659,54,M,7,1,Gold,"1,157.54",north,677.0
C0660,73,F,5,2,Silver,"1,126.34",East,566.0
C0661,28,F,12,1,Basic,816.71,N,581.0
C0662,66,M,23,1,Silver,"1,645.57",South,638.0
C0663,50,M,12,1,Basic,"1,224.49",East,569.0
C0664,55,M,16,1,Basic,"1,702.92",East,659.0
C0665,66,M,9,0,Basic,"1,184.18",South,599.0
C0666,28,F,23,0,Silver,"1,429.77",west,778.0
C0667,20,M,18,2,Silver,"1,788.00",South,625.0
C0668,37,F,24,1,Gold,"1,166.99",West,640.0
C0669,27,F,20,2,Basic,"1,315.94",North,635.0
C0670,59,F,20,1,Gold,"2,134.08",N,771.0
C0671,33,F,18,3,Silver,"1,698.06",E,579.0
C0672,44,F,10,1,Gold,"1,371.48",North,589.0
C0673,30,M,0,3,Silver,"1,099.47",NORTH,603.0
C0674,77,F,24,1,Silver,"1,974.56",west,564.0
C0675,51,M,8,1,Gold,"2,422.05",NORTH,489.0
C0676,21,M,9,3,Silver,"1,224.41",N,704.0
C0677,61,F,8,0,Gold,510.39,west,753.0
C0678,31,F,19,2,Gold,"1,393.03",E,665.0
C0679,25,M,15,1,Silver,"1,348.13",west,704.0
C0680,57,M,7,2,Silver,"1,316.39",west,661.0
C0681,45,M,3,0,Gold,936.23,E,812.0
C0682,60,F,0,1,Gold,"1,654.64",NORTH,590.0
C0683,36,M,11,1,Silver,958.69,west,622.0
C0684,29,F,21,1,Silver,"1,550.22",E,643.0
C0685,43,F,10,1,Silver,"1,390.68",N,746.0
C0686,36,F,1,0,Silver,"1,029.69",North,593.0
C0687,81,F,7,0,Basic,"1,342.24",south,668.0
C0688,46,M,16,2,Basic,"1,131.26",North,653.0
C0689,20,M,9,0,Silver,587.22,west,659.0
C0690,20,F,13,1,Basic,956.11,west,690.0
C0691,24,F,14,0,Basic,"1,084.96",West,697.0
C0692,32,M,10,1,Silver,500.00,West,724.0
C0693,46,M,20,0,Gold,"1,590.22",East,742.0
C0694,69,F,17,1,Basic,"2,095.54",N,
C0695,41,M,22,1,Basic,"1,280.55",west,
C0696,76,F,6,3,Basic,"1,118.99",North,815.0
C0697,57,F,1,1,Basic,885.18,N,642.0
C0698,43,M,17,2,Gold,"1,367.40",N,
C0699,77,M,0,1,Silver,"1,313.48",North,
C0700,27,M,23,0,Basic,"1,077.78",North,539.0
C0701,26,F,8,0,Gold,"1,027.29",west,684.0
C0702,21,F,13,2,Basic,"1,813.35",north,682.0
C0703,78,F,0,1,Basic,"1,725.93",West,651.0
C0704,46,F,4,1,Basic,"1,235.84",North,850.0
C0705,57,F,2,0,Basic,"2,153.65",NORTH,669.0
C0706,42,M,5,1,Basic,"1,748.96",West,477.0
C0707,19,M,9,1,Silver,"1,438.39",N,755.0
C0708,54,M,1,1,Gold,"1,419.56",East,506.0
C0709,70,M,23,0,Silver,"1,031.96",North,750.0
C0710,64,M,18,0,Basic,"1,621.46",East,850.0
C0711,80,M,13,2,Gold,"1,322.21",South,613.0
C0712,26,M,6,2,Silver,"1,245.01",west,726.0
C0713,41,M,7,3,Basic,"1,686.70",north,812.0
C0714,29,F,24,0,Basic,"2,013.59",north,652.0
C0715,25,F,22,1,Basic,"1,144.76",North,519.0
C0716,24,F,5,0,Gold,"1,567.99",North,483.0
C0717,64,F,16,1,Basic,"1,102.14",South,841.0
C0718,38,M,9,2,Silver,"1,334.13",north,592.0
C0719,72,F,19,1,Basic,"1,154.72",South,567.0
C0720,36,F,4,1,Basic,"1,796.57",East,610.0
C0721,39,F,12,2,Silver,"1,743.62",NORTH,673.0
C0722,21,M,1,3,Silver,"1,197.79",north,726.0
C0723,21,F,13,2,Basic,"1,409.64",East,494.0
C0724,61,F,23,1,Silver,"1,891.88",west,638.0
C0725,72,M,15,1,Basic,"1,067.16",south,650.0
C0726,62,F,1,0,Gold,"1,054.18",E,700.0
C0727,47,M,20,1,Basic,"1,301.02",West,610.0
C0728,65,F,13,0,Basic,"1,416.02",north,671.0
C0729,71,M,23,2,Silver,"1,406.80",west,
C0730,61,F,4,1,Basic,"1,478.98",north,736.0
C0731,22,F,3,1,Gold,"1,131.15",West,776.0
C0732,28,F,0,2,Basic,"1,125.16",West,713.0
C0733,31,M,6,3,Gold,"2,833.27",north,776.0
C0734,53,M,5,0,Silver,"1,586.02",West,822.0
C0735,32,M,16,1,Gold,"1,781.71",N,553.0
C0736,40,F,17,1,Gold,"2,118.97",East,769.0
C0737,51,F,21,1,Basic,"1,419.09",North,662.0
C0738,67,M,24,1,Silver,"1,287.76",NORTH,576.0
C0739,52,M,19,1,Silver,"1,703.28",north,635.0
C0740,52,F,11,1,Silver,"2,439.63",south,580.0
C0741,35,F,7,1,Basic,"2,029.68",North,769.0
C0742,41,F,16,1,Gold,"1,373.41",South,723.0
C0743,40,M,22,0,Basic,"1,977.59",north,716.0
C0744,47,M,1,1,Gold,"1,612.19",north,757.0
C0745,49,F,18,2,Silver,"1,829.28",N,605.0
C0746,35,M,18,0,Basic,"1,577.55",west,609.0
C0747,67,M,24,0,Basic,"1,915.40",West,752.0
C0748,80,M,3,2,Silver,"1,350.69",west,826.0
C0749,78,M,9,0,Silver,"1,665.20",N,748.0
C0750,50,M,20,0,Gold,"1,563.25",N,703.0
C0751,31,M,24,0,Silver,942.15,NORTH,705.0
C0752,76,F,22,0,Silver,"1,959.59",north,566.0
C0753,68,F,3,1,Silver,"1,507.64",west,618.0
C0754,30,M,9,1,Basic,"1,863.57",E,640.0
C0755,40,F,4,0,Gold,"1,262.35",North,
C0756,23,F,24,0,Basic,912.64,north,749.0
C0757,23,M,23,1,Gold,"1,720.97",N,649.0
C0758,37,M,2,0,Basic,"1,834.80",north,749.0
C0759,73,M,2,2,Gold,"2,130.54",West,
C0760,43,M,24,1,Silver,"1,253.38",north,694.0
C0761,42,F,14,0,Basic,"1,573.96",South,610.0
C0762,33,F,0,0,Basic,"1,969.94",NORTH,729.0
C0763,72,F,5,1,Basic,"1,565.75",East,610.0
C0764,23,M,7,5,Silver,537.81,East,636.0
C0765,54,F,12,0,Gold,"1,418.31",west,680.0
C0766,46,M,24,0,Basic,"1,490.37",E,723.0
C0767,69,M,6,1,Basic,"1,449.46",north,741.0
C0768,63,F,18,0,Gold,"1,763.43",East,600.0
C0769,27,M,7,0,Silver,"1,555.83",North,574.0
C0770,55,M,0,0,Basic,"1,802.16",North,743.0
C0771,34,F,9,1,Silver,"2,027.23",N,632.0
C0772,36,F,2,3,Silver,"1,460.77",south,522.0
C0773,21,M,0,1,Gold,"1,329.28",E,616.0
C0774,52,F,1,1,Basic,"1,651.74",E,563.0
C0775,47,M,3,1,Basic,"2,401.04",south,524.0
C0776,79,F,5,3,Basic,"1,539.58",North,700.0
C0777,70,F,7,2,Silver,"1,618.35",South,588.0
C0778,56,M,13,0,Gold,"1,709.58",NORTH,522.0
C0779,29,M,2,2,Basic,"1,535.99",NORTH,703.0
C0780,28,F,16,1,Basic,"1,392.00",North,750.0
C0781,56,M,8,2,Basic,947.40,East,816.0
C0782,77,M,18,1,Silver,"1,800.93",South,714.0
C0783,81,F,2,3,Basic,"1,631.45",N,599.0
C0784,80,F,5,2,Silver,"1,579.18",E,651.0
C0785,57,M,10,2,Silver,"2,338.74",North,721.0
C0786,48,M,5,2,Silver,"1,111.76",West,588.0
C0787,35,M,12,0,Silver,"2,050.71",north,480.0
C0788,52,F,10,0,Silver,"1,288.24",west,771.0
C0789,45,F,11,0,Silver,"1,260.08",West,534.0
C0790,57,F,23,0,Basic,"1,433.96",South,734.0
C0791,41,M,9,1,Silver,"1,604.87",East,665.0
C0792,37,M,22,0,Silver,"1,915.89",East,702.0
C0793,67,M,13,0,Basic,"1,471.81",North,
C0794,44,M,3,1,Gold,"1,859.53",N,647.0
C0795,80,F,8,0,Basic,"1,209.83",West,722.0
C0796,60,M,18,1,Basic,"1,474.49",north,642.0
C0797,54,F,9,2,Silver,625.91,South,528.0
C0798,80,M,23,1,Silver,"1,088.91",North,734.0
C0799,74,M,24,2,Silver,"1,628.37",West,795.0
C0800,48,F,22,0,Silver,"1,346.21",East,678.0
C0801,43,M,22,0,Basic,"1,414.77",North,543.0
C0802,31,M,10,3,Silver,"1,605.45",south,596.0
C0803,30,M,23,0,Gold,"1,916.71",South,840.0
C0804,40,F,11,2,Silver,"1,093.61",N,635.0
C0805,69,M,23,0,Silver,"1,579.97",west,664.0
C0806,27,F,1,4,Basic,927.27,North,538.0
C0807,39,F,3,0,Silver,"1,114.74",N,675.0
C0808,76,F,14,0,Basic,"1,323.05",north,590.0
C0809,44,M,18,0,Gold,"1,357.13",NORTH,604.0
C0810,79,M,0,0,Gold,"1,749.39",West,649.0
C0811,52,F,8,1,Basic,541.93,South,850.0
C0812,65,F,6,1,Silver,"1,662.44",South,676.0
C0813,28,F,1,1,Basic,"2,021.57",south,673.0
C0814,20,M,14,1,Basic,"1,667.94",South,513.0
C0815,63,F,19,0,Basic,"1,609.85",North,784.0
C0816,43,M,6,1,Silver,"1,366.44",north,513.0
C0817,55,M,7,2,Silver,"2,008.26",NORTH,559.0
C0818,67,F,3,1,Basic,"1,420.18",East,603.0
C0819,35,F,24,2,Basic,"1,534.71",north,639.0
C0820,58,F,11,2,Silver,"1,416.65",E,666.0
C0821,52,M,18,1,Silver,"1,504.65",N,626.0
C0822,54,F,8,0,Basic,"1,694.31",North,717.0
C0823,19,M,1,1,Basic,"1,578.02",E,698.0
C0824,59,F,17,0,Basic,988.67,North,702.0
C0825,66,F,8,2,Silver,"1,623.51",North,719.0
C0826,36,F,11,0,Basic,"1,278.24",South,676.0
C0827,41,F,20,0,Gold,"1,982.18",NORTH,708.0
C0828,31,M,9,3,Basic,"1,192.33",N,605.0
C0829,32,M,4,0,Basic,"1,277.58",West,682.0
C0830,74,M,19,2,Silver,500.00,N,756.0
C0831,32,M,2,1,Basic,"1,220.24",West,844.0
C0832,37,F,0,2,Basic,"1,210.51",North,676.0
C0833,80,F,10,2,Silver,"1,896.36",north,700.0
C0834,40,F,18,0,Silver,"1,053.37",North,717.0
C0835,35,M,20,0,Basic,708.08,E,746.0
C0836,21,M,5,0,Basic,"1,551.99",N,742.0
C0837,34,F,23,1,Basic,873.53,East,665.0
C0838,66,F,13,0,Basic,"1,318.23",south,636.0
C0839,50,M,22,1,Silver,"1,506.54",NORTH,698.0
C0840,34,F,23,0,Silver,"1,031.98",N,500.0
C0841,33,F,2,2,Basic,"1,495.86",west,614.0
C0842,57,M,18,1,Basic,"1,245.75",NORTH,626.0
C0843,37,M,23,1,Gold,"1,330.93",NORTH,850.0
C0844,70,F,18,0,Gold,"2,151.25",north,591.0
C0845,24,M,23,1,Basic,"1,527.96",East,693.0
C0846,69,M,22,2,Silver,922.87,south,739.0
C0847,35,F,3,1,Gold,"1,883.47",South,685.0
C0848,72,M,23,2,Basic,"2,343.25",South,639.0
C0849,72,M,18,1,Silver,"1,394.65",south,738.0
C0850,22,M,4,0,Silver,"1,813.08",south,775.0
C0851,77,F,4,2,Basic,"1,948.93",North,667.0
C0852,72,M,10,2,Basic,"1,107.75",West,647.0
C0853,66,F,6,2,Basic,"1,732.66",N,555.0
C0854,57,M,16,0,Gold,"1,040.05",North,850.0
C0855,19,F,14,3,Basic,"1,507.15",E,766.0
C0856,69,F,20,2,Basic,"1,291.37",west,829.0
C0857,71,M,7,1,Gold,"1,086.92",South,614.0
C0858,74,M,4,1,Basic,"1,632.18",East,467.0
C0859,52,M,21,3,Basic,"1,614.08",west,580.0
C0860,79,M,15,5,Basic,"1,527.93",East,
C0861,45,M,14,2,Basic,959.84,south,635.0
C0862,33,M,21,2,Silver,"2,039.93",south,576.0
C0863,30,M,18,2,Silver,"1,323.13",E,710.0
C0864,45,F,22,0,Silver,"1,032.72",N,612.0
C0865,49,M,20,2,Basic,855.47,E,726.0
C0866,63,F,24,1,Gold,"1,613.07",west,830.0
C0867,19,F,14,0,Silver,"1,419.99",west,666.0
C0868,35,M,0,3,Gold,"1,518.87",west,592.0
C0869,62,M,22,0,Basic,"1,401.15",N,746.0
C0870,57,M,6,2,Basic,"1,712.46",South,674.0
C0871,23,M,8,0,Basic,"1,250.44",west,721.0
C0872,24,M,7,1,Basic,"1,919.95",South,616.0
C0873,40,F,22,0,Silver,"2,495.34",East,744.0
C0874,53,F,23,3,Silver,"1,417.87",south,778.0
C0875,79,F,12,0,Basic,"1,531.85",West,516.0
C0876,69,F,12,2,Gold,"1,349.68",South,807.0
C0877,45,F,19,1,Silver,"1,552.96",South,793.0
C0878,50,M,6,2,Basic,"1,729.71",North,786.0
C0879,59,F,18,0,Silver,"1,076.24",South,493.0
C0880,55,M,14,0,Silver,"1,207.45",E,768.0
C0881,81,F,18,1,Silver,"1,355.14",North,778.0
C0882,46,M,5,0,Gold,"1,453.54",NORTH,633.0
C0883,77,F,22,0,Basic,"1,459.76",E,584.0
C0884,58,M,10,2,Gold,"1,413.89",west,545.0
C0885,44,F,16,1,Gold,"1,243.87",N,752.0
C0886,28,M,15,1,Gold,"1,617.54",E,624.0
C0887,39,M,21,1,Silver,"1,375.18",south,604.0
C0888,43,F,2,1,Silver,"1,519.13",East,628.0
C0889,58,M,3,0,Basic,"1,143.92",south,712.0
C0890,41,M,11,2,Basic,"1,890.58",North,710.0
C0891,56,F,19,1,Silver,"2,354.96",NORTH,622.0
C0892,35,F,2,2,Basic,"1,761.81",South,718.0
C0893,67,M,20,2,Silver,"1,627.56",west,767.0
C0894,57,F,14,0,Silver,"1,491.01",South,646.0
C0895,67,F,0,1,Gold,"1,856.25",north,655.0
C0896,79,M,23,1,Basic,"1,671.61",E,683.0
C0897,64,F,19,1,Silver,952.51,north,758.0
C0898,75,M,14,1,Basic,719.55,west,691.0
C0899,60,F,10,0,Basic,"1,621.67",N,702.0
C0900,49,F,14,1,Basic,618.89,North,601.0
C0901,50,M,24,1,Gold,"1,249.04",E,677.0
C0902,59,M,16,2,Silver,600.06,South,632.0
C0903,72,F,10,1,Basic,612.96,East,522.0
C0904,27,M,7,0,Silver,"1,754.86",West,679.0
C0905,45,M,20,1,Silver,500.00,north,546.0
C0906,35,M,4,1,Silver,"1,892.45",south,850.0
C0907,25,F,11,0,Silver,"1,235.58",West,582.0
C0908,60,M,2,2,Basic,"1,970.89",north,712.0
C0909,77,F,1,3,Gold,"1,296.41",south,632.0
C0910,22,M,2,2,Silver,"1,924.90",South,451.0
C0911,51,M,5,1,Gold,"1,571.25",west,624.0
C0912,66,M,4,2,Silver,"1,373.54",West,684.0
C0913,22,M,21,3,Basic,"1,096.62",E,698.0
C0914,55,M,6,0,Basic,"1,026.45",north,587.0
C0915,81,M,13,0,Gold,"1,298.01",West,640.0
C0916,71,M,10,2,Basic,"1,383.83",N,520.0
C0917,21,M,22,0,Gold,"1,409.74",South,677.0
C0918,75,F,14,0,Gold,"1,254.90",E,741.0
C0919,66,F,21,3,Silver,"1,745.86",south,650.0
C0920,47,F,11,2,Basic,"1,498.15",NORTH,587.0
C0921,33,F,23,0,Gold,695.22,south,732.0
C0922,45,F,22,0,Silver,"1,362.31",west,712.0
C0923,42,F,23,0,Silver,"1,479.28",West,725.0
C0924,41,M,13,2,Basic,"1,198.29",West,565.0
C0925,20,M,21,0,Basic,"1,213.43",north,570.0
C0926,68,M,18,2,Silver,"1,518.35",south,685.0
C0927,56,F,1,1,Silver,"1,732.20",N,547.0
C0928,21,F,21,1,Gold,"1,598.50",East,746.0
C0929,78,M,12,1,Basic,"1,998.25",N,
C0930,28,F,2,1,Basic,"1,353.09",West,690.0
C0931,72,M,11,0,Gold,"2,233.62",East,694.0
C0932,45,F,13,2,Basic,"1,211.99",E,646.0
C0933,52,F,1,0,Basic,"1,526.77",North,585.0
C0934,28,F,13,1,Basic,977.72,N,597.0
C0935,34,M,5,1,Basic,831.65,NORTH,
C0936,46,M,15,2,Silver,"1,232.84",south,640.0
C0937,25,M,20,0,Basic,"1,870.90",N,588.0
C0938,50,M,23,0,Basic,"1,231.57",N,571.0
C0939,56,F,21,0,Silver,"1,210.36",south,762.0
C0940,19,M,12,1,Silver,"1,649.63",west,699.0
C0941,31,F,12,1,Silver,"2,094.12",west,850.0
C0942,48,F,1,3,Basic,"1,250.94",E,678.0
C0943,54,M,14,3,Basic,"2,119.85",NORTH,732.0
C0944,53,M,2,2,Basic,"1,931.73",south,580.0
C0945,49,F,14,1,Silver,"1,072.05",NORTH,671.0
C0946,38,F,6,0,Basic,"1,540.65",North,605.0
C0947,78,F,8,0,Silver,"2,305.05",west,544.0
C0948,23,M,11,2,Gold,"1,613.59",South,650.0
C0949,34,F,4,0,Silver,"1,488.21",E,604.0
C0950,39,F,14,2,Gold,"1,645.46",North,561.0
C0951,57,M,7,1,Gold,"1,733.43",north,671.0
C0952,28,M,21,0,Basic,"1,867.63",west,850.0
C0953,56,M,15,0,Silver,"1,432.30",N,781.0
C0954,71,M,19,0,Silver,959.76,North,767.0
C0955,53,F,8,0,Gold,"1,116.97",N,
C0956,54,F,20,1,Gold,"1,144.34",north,737.0
C0957,47,M,2,0,Basic,"1,738.89",North,551.0
C0958,75,M,11,0,Gold,"1,429.78",West,818.0
C0959,80,F,14,1,Basic,"1,400.48",East,675.0
C0960,74,M,3,0,Gold,907.71,N,716.0
C0961,21,M,4,0,Silver,"1,129.81",west,556.0
C0962,49,F,5,1,Basic,"1,263.85",North,711.0
C0963,54,M,22,1,Silver,651.74,north,677.0
C0964,80,M,4,0,Basic,"1,524.41",South,616.0
C0965,46,M,18,0,Gold,972.40,north,755.0
C0966,81,M,3,2,Basic,"1,215.20",NORTH,753.0
C0967,65,M,8,1,Basic,"1,081.73",N,593.0
C0968,41,M,22,4,Gold,"1,373.69",East,612.0
C0969,27,F,21,1,Silver,"1,022.27",north,584.0
C0970,77,M,8,1,Gold,630.07,East,686.0
C0971,35,M,16,1,Basic,"1,968.11",north,622.0
C0972,46,F,5,7,Silver,"1,797.54",N,572.0
C0973,21,F,10,0,Gold,"1,329.25",west,679.0
C0974,73,M,22,1,Silver,"1,848.21",South,704.0
C0975,49,F,3,1,Basic,"1,390.92",South,629.0
C0976,63,M,4,1,Basic,957.67,south,683.0
C0977,56,F,2,5,Basic,"2,195.52",south,551.0
C0978,51,F,20,3,Basic,"1,564.73",North,676.0
C0979,40,F,14,0,Basic,892.73,South,733.0
C0980,43,F,3,2,Basic,"1,415.96",N,659.0
C0981,60,M,5,0,Basic,543.80,North,482.0
C0982,61,M,4,0,Basic,"1,584.38",west,612.0
C0983,49,F,14,1,Basic,"1,188.42",west,678.0
C0984,42,M,24,0,Basic,"2,399.59",E,637.0
C0985,55,M,19,2,Gold,"1,548.37",west,737.0
C0986,77,F,16,2,Silver,"1,637.47",South,621.0
C0987,23,M,4,1,Silver,956.65,E,637.0
C0988,70,F,8,2,Silver,776.69,North,711.0
C0989,75,F,9,2,Basic,966.88,South,711.0
C0990,69,M,13,0,Silver,"1,690.13",E,498.0
C0991,70,F,21,0,Basic,"1,384.65",N,738.0
C0992,33,F,16,2,Basic,"1,274.03",south,730.0
C0993,67,M,0,0,Silver,"1,130.84",West,648.0
C0994,68,M,3,1,Basic,500.00,E,706.0
C0995,52,M,18,1,Basic,633.02,East,683.0
C0996,34,M,14,0,Silver,"1,989.35",NORTH,763.0
C0997,44,F,16,1,Gold,738.54,E,706.0
C0998,22,M,22,1,Basic,"1,864.86",NORTH,675.0
C0999,38,F,8,1,Basic,"1,480.67",West,790.0
C1000,25,F,10,2,Basic,"1,506.41",N,
C1001,26,F,21,3,Basic,"1,494.01",N,632.0
C1002,77,F,15,1,Basic,"2,164.16",NORTH,723.0
C1003,25,M,18,1,Silver,"1,605.10",South,652.0
C1004,63,F,14,0,Silver,"1,450.12",E,729.0
C1005,37,F,23,1,Basic,"1,986.88",North,532.0
C1006,46,F,16,0,Silver,"1,129.16",E,692.0
C1007,63,M,18,0,Basic,"1,799.74",north,667.0
C1008,23,F,18,1,Basic,"1,302.39",South,836.0
C1009,62,F,22,0,Basic,"1,777.40",north,646.0
C1010,38,F,12,1,Basic,"2,065.99",south,566.0
C1011,48,M,7,1,Basic,751.94,south,631.0
C1012,72,F,20,2,Basic,"1,239.82",South,625.0
C1013,33,M,16,0,Silver,"1,444.94",East,703.0
C1014,31,F,23,1,Gold,"1,411.46",west,657.0
C1015,69,M,7,2,Basic,"1,247.18",north,662.0
C1016,35,F,0,1,Basic,"1,146.72",N,534.0
C1017,33,F,2,1,Silver,"1,679.57",NORTH,828.0
C1018,69,F,16,1,Basic,"2,006.65",west,755.0
C1019,25,F,5,2,Gold,"1,627.80",NORTH,601.0
C1020,48,M,8,0,Basic,"2,416.51",north,749.0
C1021,57,F,14,2,Basic,"1,601.59",North,735.0
C1022,73,M,17,1,Silver,"1,305.10",north,701.0
C1023,60,M,4,2,Silver,"1,308.50",NORTH,659.0
C1024,79,M,1,4,Gold,"1,397.23",NORTH,657.0
C1025,42,F,21,0,Basic,"1,640.62",E,742.0
C1026,32,M,20,0,Basic,860.16,south,735.0
C1027,26,M,7,1,Silver,"1,211.02",North,791.0
C1028,50,M,0,1,Gold,"1,515.51",NORTH,554.0
C1029,51,M,22,2,Basic,"1,449.88",South,715.0
C1030,69,F,1,1,Gold,"1,608.65",East,745.0
C1031,51,M,15,1,Gold,"1,300.72",South,748.0
C1032,45,F,11,1,Gold,"1,834.43",west,735.0
C1033,30,M,4,2,Basic,"2,301.75",NORTH,694.0
C1034,42,M,14,3,Basic,"1,687.19",E,654.0
C1035,54,F,21,1,Silver,"1,461.71",E,596.0
C1036,55,F,24,1,Gold,"1,502.96",south,691.0
C1037,52,F,0,0,Basic,"1,211.36",East,606.0
C1038,70,F,1,2,Basic,644.25,west,643.0
C1039,24,F,14,2,Silver,"2,183.33",N,655.0
C1040,60,M,19,1,Gold,"1,709.48",North,834.0
C1041,72,M,11,1,Silver,"1,647.25",South,550.0
C1042,69,M,22,0,Basic,"1,018.64",E,609.0
C1043,57,F,24,0,Basic,"1,364.34",NORTH,585.0
C1044,48,M,14,0,Basic,"1,226.26",west,707.0
C1045,65,F,3,2,Silver,"1,710.51",E,700.0
C1046,42,F,7,1,Basic,"1,414.30",North,677.0
C1047,67,F,17,2,Basic,873.17,E,640.0
C1048,62,M,3,0,Basic,"1,120.28",East,682.0
C1049,21,M,5,1,Gold,"1,380.27",west,661.0
C1050,56,F,5,1,Gold,"1,307.95",E,
C1051,23,M,13,1,Silver,"1,397.52",north,841.0
C1052,79,F,11,1,Gold,680.31,N,614.0
C1053,72,M,3,2,Basic,"1,125.68",E,713.0
C1054,43,F,17,2,Basic,"1,534.43",south,644.0
C1055,41,F,18,0,Basic,"1,471.97",west,
C1056,45,F,22,2,Gold,952.07,South,799.0
C1057,75,F,12,1,Gold,"2,391.03",South,735.0
C1058,49,F,16,2,Silver,"1,814.82",North,491.0
C1059,32,F,20,4,Silver,"1,699.00",East,711.0
C1060,36,F,13,3,Silver,"1,506.63",West,
C1061,69,F,13,0,Basic,"1,304.33",north,523.0
C1062,64,M,2,1,Gold,"1,496.11",south,723.0
C1063,49,M,7,4,Basic,"1,659.62",N,483.0
C1064,21,M,1,1,Basic,654.90,north,566.0
C1065,68,F,13,2,Basic,"1,365.26",East,738.0
C1066,45,F,4,1,Gold,"1,487.21",north,798.0
C1067,19,M,18,3,Silver,"1,463.00",north,525.0
C1068,77,M,17,1,Basic,"1,158.74",west,698.0
C1069,51,M,13,2,Basic,"1,434.18",south,713.0
C1070,48,F,3,3,Silver,"1,369.55",E,679.0
C1071,65,F,8,0,Silver,"1,632.46",East,749.0
C1072,38,M,2,1,Basic,"1,201.64",west,614.0
C1073,70,F,14,0,Basic,"2,164.13",West,657.0
C1074,46,F,3,1,Basic,896.86,North,784.0
C1075,41,F,12,1,Basic,788.12,West,623.0
C1076,58,F,23,2,Silver,823.68,South,662.0
C1077,63,F,10,1,Basic,"1,007.05",North,602.0
C1078,57,M,2,0,Silver,916.62,NORTH,755.0
C1079,36,F,17,2,Basic,707.76,South,702.0
C1080,56,F,23,2,Gold,"2,512.68",south,752.0
C1081,60,M,18,2,Silver,"1,199.98",NORTH,657.0
C1082,44,F,18,2,Basic,"1,772.22",E,620.0
C1083,30,M,13,0,Basic,"2,277.69",west,691.0
C1084,65,M,15,2,Silver,"1,313.93",south,703.0
C1085,47,M,17,2,Basic,"1,400.47",E,727.0
C1086,37,M,6,2,Basic,"1,770.99",north,648.0
C1087,72,M,10,0,Silver,"1,260.10",E,700.0
C1088,33,F,15,2,Gold,"1,502.26",North,850.0
C1089,81,F,20,1,Basic,"1,243.54",East,547.0
C1090,29,F,2,0,Silver,"1,064.82",south,725.0
C1091,57,M,14,3,Silver,"1,358.94",East,657.0
C1092,22,M,24,0,Gold,"1,510.37",E,578.0
C1093,59,F,18,1,Silver,941.02,E,612.0
C1094,26,M,5,1,Basic,901.82,East,582.0
C1095,80,F,21,1,Gold,"1,966.82",West,757.0
C1096,81,F,4,3,Gold,866.07,West,738.0
C1097,64,M,16,2,Basic,"1,974.32",NORTH,816.0
C1098,79,M,15,3,Gold,"1,027.43",West,
C1099,66,F,12,1,Silver,"1,592.81",East,737.0
C1100,71,F,16,2,Basic,"1,832.34",E,792.0
C1101,23,F,15,2,Gold,953.06,East,653.0
C1102,42,M,3,1,Gold,"1,242.59",N,545.0
C1103,57,F,4,1,Silver,"2,285.95",North,418.0
C1104,47,M,4,2,Silver,"1,247.61",West,666.0
C1105,51,F,0,0,Silver,799.23,E,705.0
C1106,43,M,6,2,Silver,"1,417.06",E,611.0
C1107,53,F,17,0,Basic,500.00,North,689.0
C1108,52,M,22,0,Silver,"1,941.50",E,777.0
C1109,56,M,14,2,Silver,"2,316.52",East,822.0
C1110,76,F,1,1,Silver,"1,509.48",north,671.0
C1111,50,M,17,2,Basic,"1,666.08",west,591.0
C1112,46,F,2,1,Basic,"1,819.62",south,613.0
C1113,37,M,7,2,Basic,"1,607.77",NORTH,711.0
C1114,23,F,23,3,Gold,"2,346.80",north,626.0
C1115,40,M,1,0,Gold,"1,042.73",South,636.0
C1116,68,F,14,1,Silver,"1,806.91",west,641.0
C1117,42,F,6,1,Gold,"1,493.17",NORTH,718.0
C1118,78,M,16,3,Silver,"2,285.06",west,655.0
C1119,34,M,8,2,Basic,"1,243.30",west,606.0
C1120,76,F,21,0,Basic,"1,911.34",N,674.0
C1121,45,M,17,0,Silver,"1,877.10",North,470.0
C1122,39,F,1,0,Basic,"1,622.14",N,503.0
C1123,36,F,21,2,Silver,687.73,south,734.0
C1124,30,M,11,1,Basic,"1,021.61",West,707.0
C1125,48,M,16,0,Gold,"1,283.29",NORTH,758.0
C1126,41,M,8,1,Silver,"1,349.66",north,693.0
C1127,70,M,3,0,Silver,"1,137.18",N,535.0
C1128,38,F,11,1,Basic,"1,133.97",North,606.0
C1129,56,M,7,1,Gold,"1,867.21",South,716.0
C1130,72,F,9,1,Gold,"1,863.24",west,661.0
C1131,44,M,3,2,Silver,"1,645.42",North,669.0
C1132,70,F,22,1,Silver,"1,263.91",East,808.0
C1133,66,M,6,3,Basic,974.57,North,629.0
C1134,32,M,15,2,Silver,836.94,N,676.0
C1135,70,M,15,0,Basic,"1,934.60",N,694.0
C1136,19,F,18,0,Basic,"1,681.97",south,680.0
C1137,63,M,22,3,Silver,"2,381.53",NORTH,810.0
C1138,36,M,15,1,Silver,"1,419.92",East,799.0
C1139,36,M,13,0,Basic,"1,285.93",south,686.0
C1140,27,F,8,0,Silver,"1,536.37",E,614.0
C1141,65,F,0,0,Gold,"1,701.50",NORTH,783.0
C1142,48,M,10,0,Basic,"1,441.63",East,786.0
C1143,79,F,4,3,Silver,"2,012.49",North,663.0
C1144,47,M,11,1,Gold,"1,164.34",North,824.0
C1145,24,F,8,0,Basic,"1,834.98",west,789.0
C1146,69,F,4,0,Gold,"1,461.28",E,611.0
C1147,67,M,24,1,Basic,"1,432.87",East,722.0
C1148,45,M,19,2,Silver,"1,518.26",north,713.0
C1149,37,F,12,3,Silver,"1,435.47",E,493.0
C1150,69,F,10,1,Silver,"1,296.30",E,666.0
C1151,66,F,15,1,Gold,"1,521.05",North,685.0
C1152,56,M,4,1,Basic,"1,584.03",north,
C1153,80,M,18,1,Silver,810.52,E,780.0
C1154,47,M,4,2,Silver,543.07,west,670.0
C1155,31,M,0,2,Basic,"1,048.02",N,540.0
C1156,58,F,3,0,Basic,"1,534.17",south,607.0
C1157,38,M,8,0,Silver,"1,985.52",N,686.0
C1158,50,M,23,1,Basic,"1,497.53",West,768.0
C1159,26,F,3,1,Basic,"1,738.12",west,609.0
C1160,56,F,19,2,Silver,"1,049.49",south,817.0
C1161,39,M,10,1,Silver,"1,339.93",west,567.0
C1162,72,M,17,2,Gold,"1,409.50",west,560.0
C1163,24,F,3,0,Basic,817.96,E,785.0
C1164,54,M,24,1,Silver,959.11,West,699.0
C1165,19,F,11,2,Basic,"2,088.51",north,699.0
C1166,67,M,10,1,Gold,"1,351.49",south,703.0
C1167,32,M,12,1,Basic,"2,053.51",West,619.0
C1168,68,F,6,1,Basic,766.29,West,850.0
C1169,68,F,19,4,Basic,"1,415.42",north,585.0
C1170,28,F,23,0,Basic,"1,636.88",East,752.0
C1171,70,M,24,4,Basic,"1,413.21",E,610.0
C1172,65,M,20,1,Basic,"2,421.66",East,623.0
C1173,22,F,7,1,Basic,"1,357.06",E,761.0
C1174,69,M,22,2,Basic,"1,458.76",East,641.0
C1175,25,M,5,1,Gold,"1,348.15",E,681.0
C1176,56,M,1,1,Gold,"1,244.87",West,610.0
C1177,58,M,8,1,Gold,"1,193.44",East,715.0
C1178,70,F,22,2,Silver,"2,200.47",N,677.0
C1179,61,M,3,1,Gold,"1,336.42",south,
C1180,28,M,22,1,Silver,"1,214.77",East,809.0
C1181,67,M,15,1,Gold,"1,778.82",South,634.0
C1182,79,M,20,1,Basic,"2,340.32",NORTH,751.0
C1183,66,F,4,2,Gold,"1,671.91",South,641.0
C1184,49,M,4,1,Silver,"1,288.87",west,
C1185,43,M,7,1,Gold,"2,158.92",West,690.0
C1186,49,F,16,2,Basic,"1,263.68",North,614.0
C1187,37,F,16,3,Basic,"2,136.73",NORTH,661.0
C1188,71,M,7,0,Silver,"1,831.61",N,600.0
C1189,61,F,3,1,Gold,"1,903.73",South,850.0
C1190,72,F,0,1,Basic,"1,223.79",N,667.0
C1191,66,M,10,0,Silver,965.12,South,721.0
C1192,75,M,22,1,Gold,"1,926.59",South,691.0
C1193,71,M,6,1,Gold,870.37,West,686.0
C1194,52,F,23,1,Silver,"1,616.13",NORTH,642.0
C1195,24,M,6,1,Basic,"1,434.75",south,796.0
C1196,20,F,14,0,Basic,"1,940.44",South,590.0
C1197,27,M,15,2,Basic,673.53,East,850.0
C1198,53,M,0,2,Silver,"1,442.25",N,688.0
C1199,71,M,9,3,Silver,500.00,NORTH,798.0
C1200,32,M,6,1,Silver,"2,057.34",N,649.0
C1201,38,M,8,0,Basic,"1,818.59",north,577.0
C1202,24,M,17,1,Basic,"1,890.76",North,641.0
C1203,53,M,23,1,Silver,"1,436.47",E,684.0
C1204,53,M,14,2,Silver,"1,561.36",west,571.0
C1205,39,F,8,1,Silver,988.21,south,620.0
C1206,25,M,17,1,Silver,"1,238.37",NORTH,686.0
C1207,57,M,7,0,Basic,"1,278.81",E,398.0
C1208,71,M,6,0,Silver,"1,139.41",South,
C1209,61,M,18,0,Basic,"1,172.50",South,500.0
C1210,72,M,5,2,Silver,"1,299.00",North,591.0
C1211,80,F,6,0,Silver,"1,141.44",north,510.0
C1212,61,F,6,1,Silver,"1,241.13",North,710.0
C1213,35,M,3,1,Basic,"1,555.97",N,669.0
C1214,62,M,9,1,Silver,"1,215.36",East,647.0
C1215,30,M,4,1,Basic,"1,210.48",north,657.0
C1216,59,F,9,2,Gold,"1,872.88",NORTH,600.0
C1217,57,F,10,1,Gold,"1,902.06",N,712.0
C1218,32,F,7,0,Basic,"1,439.89",NORTH,796.0
C1219,33,M,10,3,Basic,"1,132.37",south,701.0
C1220,29,F,11,2,Silver,"1,587.19",south,702.0
C1221,65,F,23,1,Silver,"1,578.58",west,733.0
C1222,50,F,22,1,Basic,"1,377.04",N,749.0
C1223,55,M,1,1,Gold,"1,332.06",South,602.0
C1224,54,M,4,1,Basic,"1,643.14",South,675.0
C1225,46,F,16,0,Silver,"2,133.87",north,562.0
C1226,36,F,1,2,Basic,933.29,South,834.0
C1227,29,F,12,1,Gold,"1,999.79",North,664.0
C1228,68,F,5,0,Basic,"1,200.28",north,602.0
C1229,31,M,14,0,Silver,500.00,south,644.0
C1230,20,F,9,1,Silver,"1,922.59",north,763.0
C1231,40,F,21,0,Basic,967.95,NORTH,636.0
C1232,65,F,24,0,Basic,"1,657.51",North,544.0
C1233,46,F,2,3,Gold,"2,387.75",South,691.0
C1234,42,M,23,0,Basic,"1,447.79",south,641.0
C1235,21,F,22,1,Silver,994.69,South,671.0
C1236,79,F,13,3,Gold,"1,427.45",West,723.0
C1237,23,M,7,1,Gold,"1,988.76",E,551.0
C1238,53,F,16,2,Basic,"1,146.85",north,721.0
C1239,64,F,6,2,Gold,"1,428.49",North,715.0
C1240,32,F,8,1,Basic,"1,294.77",West,661.0
C1241,80,F,10,2,Silver,"1,209.19",south,646.0
C1242,55,F,1,1,Silver,"1,990.05",East,704.0
C1243,62,F,19,3,Gold,"1,063.34",South,642.0
C1244,21,F,7,2,Silver,"1,117.77",north,756.0
C1245,81,M,4,2,Basic,"1,279.93",West,640.0
C1246,40,M,2,1,Silver,"1,773.59",East,574.0
C1247,43,M,24,0,Basic,"1,683.79",N,610.0
C1248,19,M,8,0,Basic,"1,326.55",N,774.0
C1249,43,F,14,2,Gold,"1,146.65",North,618.0
C1250,64,F,14,1,Silver,"1,679.64",E,809.0
C1251,76,F,22,0,Silver,904.92,NORTH,674.0
C1252,36,F,7,0,Silver,"1,570.93",N,715.0
C1253,79,M,9,0,Basic,"1,326.86",East,703.0
C1254,70,M,21,2,Silver,809.77,East,738.0
C1255,22,M,13,1,Silver,638.81,East,771.0
C1256,35,M,1,1,Basic,708.32,south,675.0
C1257,67,F,13,0,Basic,"1,624.58",E,850.0
C1258,69,F,0,0,Basic,"1,284.09",North,583.0
C1259,26,F,10,1,Basic,"1,812.86",south,786.0
C1260,22,M,10,0,Gold,692.17,North,729.0
C1261,36,M,19,2,Basic,"1,468.02",north,569.0
C1262,35,M,19,1,Basic,771.88,NORTH,650.0
C1263,59,M,23,2,Gold,806.71,north,
C1264,42,F,22,0,Basic,"1,401.50",West,545.0
C1265,69,M,23,1,Basic,"2,136.69",E,850.0
C1266,65,M,11,1,Basic,"1,420.93",NORTH,672.0
C1267,41,F,6,0,Silver,"1,874.53",north,850.0
C1268,28,F,9,0,Gold,"1,060.58",E,728.0
C1269,52,F,15,0,Basic,"1,425.56",West,725.0
C1270,51,M,17,2,Basic,"1,638.20",N,850.0
C1271,49,M,23,3,Basic,"1,066.57",North,807.0
C1272,27,M,18,1,Silver,"1,214.13",NORTH,695.0
C1273,64,F,1,0,Basic,"1,766.12",west,713.0
C1274,54,F,9,1,Silver,"1,539.04",South,649.0
C1275,27,M,9,0,Gold,"1,164.87",north,557.0
C1276,41,F,20,1,Basic,"1,749.41",North,784.0
C1277,37,F,0,1,Gold,"1,628.87",NORTH,690.0
C1278,34,M,22,1,Gold,"1,430.88",south,703.0
C1279,29,F,4,2,Silver,817.00,North,
C1280,42,F,20,0,Basic,"1,542.34",West,664.0
C1281,42,F,13,4,Basic,917.27,West,559.0
C1282,62,M,4,1,Gold,"1,322.26",East,657.0
C1283,46,F,0,0,Basic,"1,823.57",South,639.0
C1284,41,M,13,0,Basic,"1,427.44",west,727.0
C1285,22,F,16,0,Basic,"1,019.41",E,631.0
C1286,73,M,17,1,Silver,"2,331.92",E,733.0
C1287,73,F,11,0,Silver,"1,662.13",N,751.0
C1288,28,M,19,1,Basic,"2,497.05",North,585.0
C1289,46,M,6,2,Silver,"2,456.17",NORTH,673.0
C1290,36,F,11,1,Basic,"1,964.01",South,679.0
C1291,66,M,7,0,Basic,"2,031.53",East,803.0
C1292,56,F,9,0,Gold,"2,054.00",north,682.0
C1293,54,M,15,3,Basic,"1,293.12",north,591.0
C1294,25,M,0,1,Silver,"2,191.27",south,728.0
C1295,60,M,15,0,Silver,"1,163.41",NORTH,638.0
C1296,78,M,24,1,Silver,"1,959.84",west,551.0
C1297,69,M,0,1,Basic,"1,567.88",West,828.0
C1298,80,M,20,2,Basic,"1,397.77",west,593.0
C1299,46,M,17,0,Basic,"1,609.10",west,619.0
C1300,34,M,16,0,Gold,"1,411.71",NORTH,694.0
C1301,72,F,11,1,Gold,"1,757.05",north,563.0
C1302,31,F,10,2,Basic,"1,811.97",South,722.0
C1303,28,F,0,2,Silver,"1,913.30",north,642.0
C1304,72,F,16,2,Basic,"1,642.75",NORTH,704.0
C1305,74,F,1,0,Silver,"1,407.20",North,738.0
C1306,64,F,8,3,Basic,"1,696.92",West,513.0
C1307,42,F,14,3,Silver,"1,435.05",North,
C1308,81,F,18,0,Silver,"1,355.24",north,699.0
C1309,63,M,19,3,Gold,"1,315.65",west,692.0
C1310,67,F,11,0,Silver,"1,980.31",North,497.0
C1311,65,F,1,2,Gold,547.34,north,725.0
C1312,68,M,8,1,Silver,998.69,E,625.0
C1313,43,M,6,0,Basic,"1,641.10",west,693.0
C1314,34,F,23,0,Basic,"1,102.76",South,554.0
C1315,40,F,7,1,Basic,"1,666.17",N,674.0
C1316,32,M,17,1,Gold,"1,831.65",north,672.0
C1317,45,M,22,1,Basic,"1,550.73",N,681.0
C1318,39,M,16,3,Basic,"1,112.84",North,798.0
C1319,36,F,0,0,Basic,"1,540.26",west,657.0
C1320,69,F,0,2,Basic,"1,076.34",E,644.0
C1321,33,F,4,1,Basic,"1,659.52",West,684.0
C1322,58,F,5,1,Basic,"1,531.14",west,
C1323,40,M,7,0,Silver,948.80,E,574.0
C1324,72,F,23,2,Gold,777.29,NORTH,700.0
C1325,45,M,17,2,Basic,"1,486.51",west,735.0
C1326,30,F,8,3,Silver,"2,163.92",north,712.0
C1327,55,F,7,2,Gold,"1,843.55",west,758.0
C1328,32,F,10,0,Basic,"1,860.12",north,
C1329,31,M,2,1,Gold,"1,575.87",North,656.0
C1330,47,M,24,0,Basic,"1,617.96",South,557.0
C1331,22,M,14,3,Basic,"1,709.38",NORTH,723.0
C1332,74,M,0,0,Basic,"1,403.20",N,656.0
C1333,59,M,5,1,Basic,567.73,West,766.0
C1334,27,M,11,4,Silver,668.13,N,682.0
C1335,31,F,5,0,Silver,"1,323.19",North,522.0
C1336,26,F,1,0,Basic,"1,196.94",south,563.0
C1337,34,M,17,2,Basic,"1,648.92",South,545.0
C1338,70,M,14,1,Silver,745.27,North,680.0
C1339,30,M,13,1,Basic,"1,265.60",NORTH,631.0
C1340,33,F,0,1,Basic,"1,553.04",north,656.0
C1341,33,F,16,1,Basic,738.85,NORTH,682.0
C1342,69,M,18,4,Silver,"1,277.18",south,795.0
C1343,66,F,6,0,Basic,925.60,NORTH,669.0
C1344,38,F,2,1,Gold,"1,511.73",East,679.0
C1345,26,M,16,3,Gold,"1,254.27",East,779.0
C1346,80,F,7,0,Gold,"1,286.98",West,630.0
C1347,61,M,9,0,Basic,"1,385.63",East,
C1348,26,M,18,1,Basic,"2,251.36",West,748.0
C1349,33,M,0,1,Basic,"1,318.54",North,515.0
C1350,52,F,12,1,Silver,"1,883.44",north,638.0
C1351,25,F,8,2,Basic,"1,251.61",south,577.0
C1352,77,M,3,1,Silver,"1,076.12",E,505.0
C1353,68,M,13,0,Gold,"2,044.31",East,593.0
C1354,71,M,19,1,Basic,"1,762.61",NORTH,711.0
C1355,30,F,7,1,Basic,"1,970.28",N,644.0
C1356,26,M,20,0,Basic,"1,695.30",East,646.0
C1357,27,F,21,2,Silver,"1,841.89",N,593.0
C1358,62,M,21,0,Silver,"1,596.67",East,546.0
C1359,44,M,13,2,Gold,"2,100.72",E,497.0
C1360,38,M,11,1,Basic,"1,369.18",south,752.0
C1361,65,F,14,1,Silver,"1,888.14",N,606.0
C1362,61,M,23,4,Basic,"1,536.31",South,575.0
C1363,46,F,18,1,Gold,"1,236.28",West,
C1364,48,F,20,0,Basic,"1,708.03",West,613.0
C1365,22,F,18,3,Silver,"1,255.97",NORTH,830.0
C1366,78,F,6,0,Gold,"1,270.52",E,753.0
C1367,23,F,16,2,Silver,"1,240.91",E,631.0
C1368,33,M,5,0,Silver,"1,021.96",south,714.0
C1369,64,M,7,1,Silver,"1,637.55",North,603.0
C1370,61,F,23,0,Basic,"1,071.96",East,776.0
C1371,25,F,2,1,Silver,"1,735.65",East,606.0
C1372,32,F,5,0,Basic,"2,003.11",NORTH,668.0
C1373,39,M,0,1,Basic,"1,153.89",south,632.0
C1374,69,F,8,2,Basic,"1,559.95",north,768.0
C1375,60,F,21,2,Basic,500.00,N,829.0
C1376,37,M,3,1,Basic,"1,622.34",south,690.0
C1377,53,F,3,3,Basic,"1,564.66",E,850.0
C1378,58,F,20,2,Silver,957.60,N,682.0
C1379,75,M,10,2,Basic,"1,594.33",north,779.0
C1380,19,F,7,1,Gold,"1,727.73",East,767.0
C1381,72,F,18,0,Basic,"1,010.79",E,612.0
C1382,51,M,3,1,Gold,"1,482.92",south,850.0
C1383,70,M,19,1,Gold,"1,780.62",North,580.0
C1384,24,F,1,2,Silver,"1,612.90",west,523.0
C1385,75,F,17,1,Silver,"1,682.36",west,587.0
C1386,72,F,11,0,Silver,"1,410.52",North,
C1387,21,F,14,2,Basic,"1,880.84",N,622.0
C1388,19,M,5,2,Basic,"1,527.23",North,640.0
C1389,20,M,24,2,Silver,"1,276.97",N,749.0
C1390,61,F,8,0,Basic,"1,130.12",west,
C1391,55,F,19,0,Basic,500.00,E,650.0
C1392,29,M,5,1,Basic,"1,877.75",North,605.0
C1393,77,M,23,1,Basic,"1,749.57",NORTH,703.0
C1394,23,M,4,1,Basic,"1,535.54",South,596.0
C1395,50,F,17,0,Silver,"1,862.63",N,769.0
C1396,69,M,12,2,Silver,"1,488.89",north,733.0
C1397,30,M,18,0,Basic,"1,257.41",north,659.0
C1398,76,M,1,2,Basic,"1,167.64",South,729.0
C1399,23,M,24,1,Silver,883.29,NORTH,638.0
C1400,37,F,12,1,Basic,688.86,E,672.0
C1401,30,M,23,0,Gold,"1,277.96",South,625.0
C1402,54,M,11,1,Silver,"1,445.33",south,516.0
C1403,33,M,16,1,Silver,"1,637.82",South,704.0
C1404,37,M,17,0,Basic,938.56,N,632.0
C1405,43,F,8,1,Gold,"1,317.05",NORTH,586.0
C1406,38,M,7,0,Basic,"2,363.13",East,698.0
C1407,45,F,0,3,Silver,"1,460.16",North,659.0
C1408,66,M,15,2,Basic,654.52,South,798.0
C1409,46,M,14,1,Silver,"1,344.16",E,566.0
C1410,54,F,17,1,Basic,"1,012.98",west,766.0
C1411,63,M,18,1,Gold,"1,632.79",E,600.0
C1412,78,F,6,0,Silver,846.12,East,649.0
C1413,63,F,3,1,Silver,"1,261.69",North,691.0
C1414,21,F,22,1,Silver,"1,405.80",North,707.0
C1415,47,M,22,2,Silver,"1,741.27",South,806.0
C1416,24,F,21,0,Silver,"1,545.17",North,600.0
C1417,79,M,13,1,Silver,"1,188.90",NORTH,729.0
C1418,75,M,7,2,Basic,"1,177.04",East,404.0
C1419,41,F,0,1,Silver,"2,323.19",north,647.0
C1420,54,F,2,4,Silver,"1,878.18",North,757.0
C1421,55,F,14,0,Basic,533.01,West,571.0
C1422,64,F,4,2,Basic,980.35,North,601.0
C1423,62,M,18,3,Basic,"1,454.85",East,755.0
C1424,56,F,21,2,Silver,"1,570.42",West,720.0
C1425,44,M,12,1,Basic,"1,138.19",East,568.0
C1426,57,M,11,0,Silver,"1,540.51",North,750.0
C1427,57,M,20,0,Silver,"1,089.53",South,771.0
C1428,79,F,15,0,Silver,"1,889.34",South,680.0
C1429,46,F,7,2,Basic,500.00,north,815.0
C1430,42,F,16,0,Silver,"1,495.82",E,679.0
C1431,76,F,9,1,Basic,"1,631.35",north,789.0
C1432,54,M,5,1,Basic,833.52,NORTH,697.0
C1433,39,M,15,2,Basic,"1,406.39",west,680.0
C1434,63,M,12,1,Silver,"1,274.00",N,701.0
C1435,36,F,24,0,Basic,878.34,NORTH,607.0
C1436,51,M,8,1,Basic,"1,385.08",N,518.0
C1437,54,F,19,1,Basic,"1,636.47",East,644.0
C1438,42,F,9,0,Gold,"1,555.53",East,692.0
C1439,27,M,20,1,Basic,500.00,West,
C1440,20,F,20,0,Basic,"1,088.14",E,825.0
C1441,47,F,2,1,Silver,500.00,East,783.0
C1442,19,F,19,2,Gold,"1,126.09",north,654.0
C1443,42,F,20,1,Silver,"1,698.24",north,701.0
C1444,24,F,1,0,Silver,"1,939.18",E,586.0
C1445,41,F,8,0,Silver,"1,762.56",west,621.0
C1446,21,F,14,1,Silver,"1,543.95",E,566.0
C1447,46,M,13,1,Gold,"2,054.67",west,657.0
C1448,66,F,12,2,Silver,"1,088.33",north,736.0
C1449,30,M,7,3,Basic,"1,754.33",north,526.0
C1450,52,F,15,2,Gold,"1,684.59",East,563.0
C1451,29,F,10,1,Basic,"1,519.39",South,771.0
C1452,26,M,6,0,Silver,"1,840.94",west,773.0
C1453,81,F,9,2,Gold,"1,121.40",south,728.0
C1454,37,M,18,2,Silver,"2,267.76",N,700.0
C1455,58,F,17,0,Silver,697.01,south,567.0
C1456,73,F,18,0,Silver,"2,001.94",West,606.0
C1457,62,M,5,2,Basic,"1,401.47",north,545.0
C1458,49,M,4,0,Basic,"1,543.76",East,574.0
C1459,27,M,2,1,Basic,"2,430.83",south,756.0
C1460,80,F,11,1,Basic,"2,079.66",NORTH,677.0
C1461,62,F,15,0,Basic,"2,501.95",west,703.0
C1462,72,F,3,1,Silver,974.87,South,672.0
C1463,67,M,10,2,Silver,"1,372.72",west,623.0
C1464,74,M,21,2,Silver,"1,203.92",E,536.0
C1465,44,M,7,1,Silver,"1,804.74",N,592.0
C1466,40,F,14,0,Basic,"1,899.66",E,711.0
C1467,37,F,1,0,Gold,742.23,NORTH,650.0
C1468,57,M,17,1,Silver,"1,704.49",west,704.0
C1469,70,M,24,4,Gold,"1,228.03",E,613.0
C1470,46,F,10,2,Gold,"1,074.32",NORTH,608.0
C1471,45,F,2,0,Silver,979.30,E,710.0
C1472,58,F,11,5,Silver,"2,346.05",South,641.0
C1473,61,F,3,0,Basic,"2,204.41",N,793.0
C1474,31,F,1,1,Basic,"1,503.71",East,500.0
C1475,69,M,6,0,Basic,"1,618.35",NORTH,750.0
C1476,43,M,10,1,Silver,"1,334.49",East,710.0
C1477,40,F,10,0,Basic,"1,495.95",south,643.0
C1478,34,F,5,1,Gold,"1,534.61",N,770.0
C1479,77,M,4,1,Gold,"1,447.37",north,649.0
C1480,41,M,7,1,Gold,"1,693.68",E,780.0
C1481,71,F,21,0,Gold,"1,502.44",south,533.0
C1482,73,F,9,0,Basic,"1,805.72",E,663.0
C1483,69,M,21,0,Basic,"1,053.43",north,685.0
C1484,54,M,11,1,Silver,"1,843.06",West,617.0
C1485,65,M,5,3,Gold,"2,090.28",North,472.0
C1486,63,F,10,2,Gold,"1,785.87",west,604.0
C1487,19,F,22,3,Silver,"1,561.21",South,778.0
C1488,69,M,4,0,Silver,"1,469.96",NORTH,494.0
C1489,24,M,15,2,Silver,"1,980.78",west,769.0
C1490,37,M,14,1,Silver,"2,269.93",north,744.0
C1491,51,M,13,1,Basic,822.64,West,575.0
C1492,44,F,6,2,Gold,"1,645.43",north,673.0
C1493,27,M,15,3,Silver,"1,255.98",East,776.0
C1494,56,F,10,0,Silver,"1,918.40",NORTH,628.0
C1495,53,M,24,2,Gold,"1,382.45",NORTH,572.0
C1496,25,F,0,0,Silver,"1,168.45",west,750.0
C1497,33,F,0,1,Gold,"1,951.62",East,673.0
C1498,64,F,24,1,Silver,"1,339.67",North,
C1499,29,F,19,1,Silver,"1,630.20",north,
C1500,46,F,19,1,Silver,"1,039.33",E,690.0
C1501,28,F,12,1,Gold,"1,351.15",East,714.0
C1502,41,F,14,1,Gold,"2,047.73",North,760.0
C1503,46,F,4,1,Silver,"1,418.56",North,
C1504,29,F,20,2,Silver,"1,771.67",south,645.0
C1505,48,M,9,1,Silver,"1,169.73",NORTH,661.0
C1506,55,M,21,2,Basic,"2,064.56",NORTH,708.0
C1507,74,M,20,0,Gold,729.36,south,675.0
C1508,58,F,22,3,Basic,"1,012.56",NORTH,677.0
C1509,80,F,1,3,Silver,518.83,south,638.0
C1510,75,M,13,0,Silver,"1,946.47",E,628.0
C1511,60,F,14,1,Basic,"1,650.65",East,747.0
C1512,39,M,4,2,Gold,"1,125.02",South,643.0
C1513,41,M,15,0,Basic,"2,639.54",East,806.0
C1514,46,M,15,2,Silver,702.94,South,706.0
C1515,58,M,12,2,Basic,"1,507.44",N,599.0
C1516,45,M,3,2,Basic,"1,542.27",West,698.0
C1517,66,F,21,2,Silver,956.53,West,534.0
C1518,41,M,15,1,Silver,"1,337.69",North,799.0
C1519,22,F,15,0,Silver,733.74,west,764.0
C1520,24,M,20,3,Basic,"1,440.79",west,553.0
C1521,50,F,8,2,Basic,"1,746.10",N,729.0
C1522,72,M,4,0,Silver,"1,127.74",south,607.0
C1523,68,F,0,2,Basic,"2,291.73",N,723.0
C1524,52,F,1,1,Gold,"1,726.17",South,734.0
C1525,62,M,24,2,Silver,"1,784.53",E,698.0
C1526,66,F,16,1,Gold,"1,450.71",E,670.0
C1527,67,F,21,1,Silver,790.10,East,738.0
C1528,64,M,19,0,Basic,"1,985.29",South,700.0
C1529,50,F,17,3,Silver,"1,323.42",NORTH,608.0
C1530,53,M,2,2,Basic,"1,157.52",E,622.0
C1531,28,F,22,1,Silver,"2,156.46",north,748.0
C1532,59,M,1,3,Silver,"1,108.30",west,762.0
C1533,55,M,17,1,Silver,"1,863.62",East,719.0
C1534,78,F,17,3,Gold,"1,263.17",west,533.0
C1535,20,M,15,1,Basic,"1,033.87",East,625.0
C1536,53,F,12,2,Gold,"1,948.31",N,773.0
C1537,78,M,6,1,Gold,"1,589.08",south,699.0
C1538,61,F,12,0,Gold,"1,291.67",N,630.0
C1539,20,M,9,0,Silver,"1,969.52",East,618.0
C1540,36,F,24,0,Basic,884.11,N,568.0
C1541,77,F,5,1,Silver,"1,729.60",west,617.0
C1542,77,F,19,2,Gold,"1,826.62",North,647.0
C1543,25,F,2,1,Silver,"1,823.93",west,645.0
C1544,75,F,11,0,Gold,"1,019.79",N,752.0
C1545,67,F,6,0,Basic,"1,709.35",E,660.0
C1546,67,M,6,1,Basic,"1,519.28",South,656.0
C1547,32,F,3,0,Silver,"1,490.85",south,797.0
C1548,61,M,17,3,Gold,"1,600.09",south,689.0
C1549,53,F,21,0,Basic,"1,904.49",N,652.0
C1550,79,F,9,3,Silver,827.34,north,732.0
C1551,42,F,5,0,Silver,"1,908.47",N,850.0
C1552,31,M,16,2,Basic,"2,136.26",west,545.0
C1553,64,M,11,1,Basic,"1,386.77",north,792.0
C1554,33,F,21,3,Basic,532.16,N,715.0
C1555,27,M,6,2,Basic,"1,656.50",north,539.0
C1556,29,M,16,2,Silver,"1,284.92",north,750.0
C1557,25,F,0,0,Silver,957.17,E,804.0
C1558,46,M,20,1,Basic,"1,906.47",north,678.0
C1559,75,M,3,3,Gold,"2,149.29",north,749.0
C1560,52,F,20,2,Silver,"1,841.15",south,570.0
C1561,76,M,10,1,Basic,"1,109.00",west,638.0
C1562,53,M,13,1,Silver,"2,008.59",NORTH,447.0
C1563,48,F,16,1,Gold,901.24,N,732.0
C1564,64,M,14,0,Basic,"2,117.93",East,
C1565,81,F,5,1,Basic,"1,917.31",west,774.0
C1566,66,M,2,1,Basic,"1,847.21",North,572.0
C1567,68,F,19,1,Silver,"1,205.33",E,
C1568,69,M,4,0,Silver,"1,332.27",North,737.0
C1569,37,F,3,0,Gold,"1,366.97",south,643.0
C1570,52,M,15,1,Basic,686.38,E,668.0
C1571,61,M,2,1,Gold,"1,805.45",South,726.0
C1572,49,M,1,0,Silver,"1,575.56",North,718.0
C1573,22,F,23,0,Basic,"1,573.71",E,694.0
C1574,65,M,2,0,Basic,"1,192.29",NORTH,522.0
C1575,34,F,17,2,Basic,"1,406.81",South,516.0
C1576,19,M,7,2,Silver,"1,895.05",west,713.0
C1577,30,F,7,0,Gold,"1,178.24",West,729.0
C1578,31,M,4,4,Gold,"1,634.81",North,617.0
C1579,80,M,18,0,Basic,"2,251.61",south,692.0
C1580,73,F,4,0,Basic,980.00,West,686.0
C1581,38,F,5,0,Basic,"1,535.98",N,589.0
C1582,45,F,9,0,Basic,"1,545.68",NORTH,762.0
C1583,75,F,0,1,Basic,"2,160.57",North,696.0
C1584,39,M,2,1,Silver,"1,982.99",E,611.0
C1585,22,F,4,0,Basic,"2,142.89",West,766.0
C1586,72,M,19,2,Basic,"2,036.09",West,644.0
C1587,49,F,21,1,Basic,"1,626.61",north,784.0
C1588,27,M,12,0,Silver,"1,337.59",west,740.0
C1589,43,M,22,2,Basic,750.54,E,632.0
C1590,60,M,16,0,Silver,"1,398.67",west,813.0
C1591,66,F,22,1,Basic,"1,691.73",south,763.0
C1592,56,F,16,0,Basic,"1,182.33",E,726.0
C1593,73,M,3,0,Basic,"2,240.11",NORTH,757.0
C1594,42,F,14,1,Silver,708.69,N,725.0
C1595,80,F,20,1,Silver,"2,246.71",N,678.0
C1596,39,F,22,2,Basic,"1,117.41",East,684.0
C1597,48,F,11,3,Basic,"1,715.43",E,719.0
C1598,75,F,5,0,Basic,"2,533.15",East,792.0
C1599,37,M,21,0,Basic,"1,665.74",West,593.0
C1600,50,M,16,1,Basic,"1,139.47",north,717.0
C1601,35,M,11,1,Silver,"1,311.38",E,776.0
C1602,23,M,15,1,Gold,"1,470.92",South,798.0
C1603,29,F,22,1,Basic,"1,358.95",West,750.0
C1604,27,F,16,0,Silver,"1,081.45",NORTH,724.0
C1605,71,F,5,1,Silver,"1,995.86",N,674.0
C1606,44,F,24,2,Silver,"1,381.87",north,690.0
C1607,64,F,0,0,Gold,"1,110.76",East,658.0
C1608,47,M,15,1,Gold,858.10,N,642.0
C1609,42,M,10,0,Silver,"1,051.88",East,651.0
C1610,46,F,15,0,Basic,"2,027.73",South,615.0
C1611,30,M,12,1,Basic,"1,575.66",South,696.0
C1612,49,M,11,1,Silver,"2,378.98",North,773.0
C1613,50,M,12,0,Basic,"1,209.30",south,755.0
C1614,33,F,10,2,Gold,"1,111.45",south,
C1615,55,M,1,3,Gold,"1,389.55",North,696.0
C1616,75,M,4,1,Silver,991.07,south,717.0
C1617,75,F,15,0,Basic,"1,138.57",E,771.0
C1618,24,M,22,2,Silver,"1,513.91",N,515.0
C1619,43,M,8,1,Basic,"1,784.24",NORTH,664.0
C1620,27,M,19,0,Gold,"1,485.85",NORTH,634.0
C1621,29,F,14,1,Basic,807.74,East,604.0
C1622,26,M,22,1,Silver,"1,441.58",N,598.0
C1623,56,F,7,1,Gold,"1,364.13",north,720.0
C1624,57,M,21,0,Basic,"1,241.98",north,623.0
C1625,73,F,4,0,Silver,"1,778.20",West,819.0
C1626,38,M,14,0,Silver,"1,649.45",NORTH,736.0
C1627,35,F,15,1,Basic,"1,157.83",NORTH,626.0
C1628,51,M,5,3,Silver,"1,731.30",N,639.0
C1629,73,M,17,1,Basic,"1,292.97",north,704.0
C1630,68,M,18,1,Gold,"1,089.82",East,693.0
C1631,68,F,13,1,Basic,"1,788.73",west,753.0
C1632,72,M,2,1,Basic,"1,241.01",NORTH,646.0
C1633,64,F,16,2,Basic,"1,982.54",North,757.0
C1634,66,M,7,2,Silver,"1,715.81",south,775.0
C1635,41,F,23,1,Silver,"1,138.40",South,627.0
C1636,35,M,10,0,Gold,"1,613.47",North,512.0
C1637,32,M,2,1,Basic,"1,538.09",north,676.0
C1638,81,M,19,0,Basic,"1,844.81",south,579.0
C1639,71,F,3,0,Silver,862.54,west,637.0
C1640,33,M,1,1,Basic,974.14,N,618.0
C1641,74,F,18,0,Gold,"1,989.36",north,592.0
C1642,45,M,17,0,Silver,"2,084.52",south,603.0
C1643,50,M,19,1,Gold,"1,563.48",north,765.0
C1644,45,F,5,2,Silver,"1,072.46",South,426.0
C1645,43,F,13,2,Silver,"1,779.22",North,537.0
C1646,50,M,22,0,Silver,"2,467.27",N,759.0
C1647,78,M,7,1,Gold,718.74,south,741.0
C1648,44,M,10,2,Silver,"1,130.96",south,585.0
C1649,46,F,3,2,Silver,"1,107.88",north,760.0
C1650,26,M,7,0,Gold,"1,344.62",East,719.0
C1651,72,M,6,2,Basic,"1,405.07",NORTH,749.0
C1652,46,M,23,1,Basic,"2,046.58",N,630.0
C1653,23,F,16,0,Basic,"2,300.47",North,574.0
C1654,71,F,19,1,Silver,"1,380.24",East,732.0
C1655,65,M,18,2,Basic,"1,506.27",north,768.0
C1656,73,F,9,0,Silver,"1,492.37",North,456.0
C1657,32,M,1,1,Gold,"1,056.57",N,618.0
C1658,46,F,1,0,Basic,"1,452.31",NORTH,731.0
C1659,57,M,13,0,Silver,"2,029.41",South,517.0
C1660,57,F,13,1,Silver,"1,711.07",NORTH,566.0
C1661,55,F,10,3,Silver,"1,364.05",E,701.0
C1662,81,M,12,3,Silver,"1,526.83",south,618.0
C1663,25,M,15,1,Basic,"1,690.30",North,620.0
C1664,31,F,2,0,Basic,"1,816.43",NORTH,518.0
C1665,29,M,9,4,Basic,500.84,E,
C1666,22,F,12,3,Basic,"1,022.51",East,648.0
C1667,24,M,6,1,Basic,"1,637.87",N,585.0
C1668,26,F,19,2,Silver,"1,431.29",south,720.0
C1669,22,F,22,1,Silver,"1,580.56",NORTH,435.0
C1670,75,F,14,1,Silver,967.76,NORTH,640.0
C1671,48,M,23,1,Basic,885.41,North,751.0
C1672,30,M,0,0,Silver,"1,783.56",N,636.0
C1673,42,F,24,1,Gold,"1,453.33",North,501.0
C1674,65,M,10,0,Silver,"1,742.33",South,577.0
C1675,54,M,19,2,Gold,"1,376.27",North,774.0
C1676,34,F,9,0,Silver,"1,546.21",NORTH,738.0
C1677,55,M,10,0,Silver,"1,250.96",North,607.0
C1678,77,M,4,1,Silver,"1,643.89",N,673.0
C1679,76,F,17,1,Silver,"1,321.40",N,626.0
C1680,28,M,24,0,Basic,"1,598.82",north,635.0
C1681,66,F,9,0,Basic,"1,670.67",North,743.0
C1682,23,M,7,2,Gold,"1,489.21",west,674.0
C1683,71,F,24,3,Basic,880.08,north,696.0
C1684,35,M,12,0,Silver,959.20,E,716.0
C1685,21,F,1,0,Basic,879.44,North,778.0
C1686,52,M,15,0,Basic,"1,238.84",South,603.0
C1687,40,F,20,0,Silver,"1,657.99",E,685.0
C1688,37,M,2,1,Silver,"1,600.08",North,590.0
C1689,20,F,6,0,Basic,"1,426.53",North,670.0
C1690,55,M,0,0,Basic,"1,620.30",north,707.0
C1691,20,F,10,1,Basic,"1,251.05",south,675.0
C1692,22,M,16,2,Basic,691.93,west,646.0
C1693,80,M,17,0,Basic,"1,262.09",north,793.0
C1694,70,M,4,3,Basic,"1,847.90",north,767.0
C1695,22,M,13,2,Silver,"1,541.32",South,769.0
C1696,63,F,16,1,Basic,"1,201.12",N,810.0
C1697,28,F,5,1,Silver,"1,336.15",West,661.0
C1698,79,F,16,1,Silver,"1,619.28",North,670.0
C1699,24,F,7,2,Basic,"1,219.80",south,650.0
C1700,20,F,0,2,Basic,838.58,NORTH,
C1701,34,M,23,1,Basic,"1,708.85",E,566.0
C1702,61,M,4,0,Silver,928.87,East,
C1703,39,M,11,0,Basic,"1,700.04",south,624.0
C1704,78,F,18,1,Silver,"1,819.08",NORTH,537.0
C1705,59,F,1,1,Basic,711.21,N,693.0
C1706,79,M,11,0,Gold,"2,007.85",North,509.0
C1707,45,M,5,2,Basic,500.00,NORTH,623.0
C1708,44,M,17,3,Gold,"1,493.00",West,595.0
C1709,22,M,10,1,Silver,"1,686.23",South,787.0
C1710,26,M,6,1,Basic,"1,075.60",NORTH,830.0
C1711,42,F,5,0,Gold,"1,470.46",West,693.0
C1712,51,F,1,2,Basic,"1,565.83",North,551.0
C1713,19,F,1,1,Silver,"1,777.30",west,681.0
C1714,53,M,15,2,Silver,"1,281.63",South,694.0
C1715,64,M,1,0,Silver,"1,484.73",NORTH,
C1716,19,F,18,1,Silver,"1,053.94",south,799.0
C1717,59,F,11,2,Gold,"1,577.96",E,714.0
C1718,42,F,23,3,Basic,"2,000.90",west,850.0
C1719,25,M,0,1,Gold,500.00,East,627.0
C1720,74,M,2,0,Gold,"1,099.33",West,584.0
C1721,46,M,12,1,Gold,837.89,N,758.0
C1722,27,F,19,3,Silver,952.17,N,655.0
C1723,43,M,18,2,Basic,"1,337.27",N,671.0
C1724,38,F,4,1,Basic,"1,811.20",N,664.0
C1725,24,M,15,0,Basic,"1,114.50",west,657.0
C1726,69,F,15,0,Basic,"2,221.61",West,589.0
C1727,19,F,2,2,Gold,"1,432.77",N,694.0
C1728,23,F,16,2,Basic,"1,813.41",West,653.0
C1729,40,M,13,2,Basic,"1,253.33",north,497.0
C1730,62,F,1,0,Silver,"1,738.78",North,649.0
C1731,20,F,11,1,Silver,"1,176.13",E,612.0
C1732,23,M,21,0,Silver,"1,393.02",South,674.0
C1733,60,M,1,0,Basic,"1,506.65",South,655.0
C1734,21,M,18,0,Basic,"1,974.57",E,615.0
C1735,40,M,19,0,Basic,"1,892.96",west,727.0
C1736,45,F,12,0,Basic,"1,319.95",South,536.0
C1737,67,F,13,1,Basic,"1,347.72",West,623.0
C1738,51,M,13,1,Basic,"1,961.86",East,816.0
C1739,62,F,4,1,Gold,"1,403.81",N,732.0
C1740,56,F,21,0,Basic,"1,166.65",West,490.0
C1741,71,M,20,3,Gold,"1,454.02",west,596.0
C1742,56,F,11,2,Gold,"1,439.66",NORTH,
C1743,44,F,9,2,Basic,"1,750.70",West,684.0
C1744,74,M,4,1,Basic,"1,099.99",west,850.0
C1745,55,F,24,1,Basic,"1,193.31",south,566.0
C1746,24,M,7,0,Gold,"1,572.82",N,620.0
C1747,51,F,7,2,Gold,"1,618.39",North,621.0
C1748,55,F,16,1,Gold,"1,427.08",west,645.0
C1749,29,M,18,0,Silver,"1,433.96",East,768.0
C1750,58,M,12,2,Gold,922.31,East,615.0
C1751,40,M,3,0,Gold,977.86,North,672.0
C1752,68,F,16,2,Silver,"1,634.56",NORTH,629.0
C1753,36,F,10,1,Basic,"1,976.07",West,773.0
C1754,66,F,11,1,Basic,815.09,north,554.0
C1755,52,M,24,0,Gold,"1,129.43",West,702.0
C1756,61,M,20,0,Silver,"1,115.67",East,694.0
C1757,30,F,8,2,Silver,"1,339.57",north,678.0
C1758,35,M,22,1,Silver,"2,026.57",west,810.0
C1759,78,M,12,2,Basic,"1,147.70",NORTH,691.0
C1760,70,M,16,0,Basic,"1,030.40",E,643.0
C1761,62,F,9,1,Basic,"1,044.98",South,629.0
C1762,48,F,12,0,Basic,"1,838.96",south,
C1763,25,M,10,0,Gold,"1,706.69",N,734.0
C1764,77,F,14,0,Basic,"2,190.72",south,691.0
C1765,31,M,15,1,Basic,"1,205.69",West,502.0
C1766,59,M,13,2,Silver,"1,252.98",west,682.0
C1767,48,F,24,0,Basic,825.35,West,600.0
C1768,23,M,10,0,Basic,"1,137.63",north,715.0
C1769,48,F,13,0,Silver,"1,036.32",North,667.0
C1770,33,M,24,1,Silver,"1,399.65",south,666.0
C1771,59,M,1,0,Silver,"1,422.43",N,737.0
C1772,33,F,21,1,Basic,"1,895.32",E,611.0
C1773,51,F,21,0,Silver,"1,221.80",NORTH,749.0
C1774,65,F,5,0,Gold,"1,118.31",E,821.0
C1775,69,M,2,1,Basic,"1,125.16",North,706.0
C1776,73,M,22,1,Basic,692.05,West,725.0
C1777,47,F,14,0,Silver,"1,349.11",south,745.0
C1778,77,F,10,2,Gold,"1,728.95",south,787.0
C1779,75,M,7,0,Basic,"1,569.99",West,818.0
C1780,74,M,3,2,Basic,"1,804.60",East,665.0
C1781,31,F,0,1,Silver,"1,007.42",North,575.0
C1782,55,M,0,1,Basic,"1,351.57",East,736.0
C1783,22,M,4,1,Gold,"1,166.16",South,706.0
C1784,19,M,6,1,Silver,788.72,South,746.0
C1785,34,M,22,2,Basic,985.79,north,691.0
C1786,72,F,15,1,Gold,"1,948.36",NORTH,850.0
C1787,20,M,24,2,Basic,"1,789.20",North,674.0
C1788,49,M,4,1,Gold,"1,846.47",west,735.0
C1789,39,M,14,0,Basic,"1,353.91",East,850.0
C1790,46,F,0,0,Basic,"1,760.13",NORTH,627.0
C1791,58,M,0,0,Basic,"1,149.33",south,803.0
C1792,75,F,13,2,Basic,"1,253.16",NORTH,559.0
C1793,68,F,12,2,Basic,"1,457.24",South,769.0
C1794,51,M,3,1,Silver,"1,738.80",East,597.0
C1795,59,F,1,1,Basic,556.24,south,489.0
C1796,22,M,9,2,Basic,"1,715.71",south,842.0
C1797,50,F,23,1,Silver,"2,125.21",west,709.0
C1798,19,F,20,0,Basic,979.73,south,616.0
C1799,59,M,10,1,Silver,758.59,N,647.0
C1800,60,F,24,2,Basic,"1,171.89",west,
C0059,53,F,16,0,Basic,"1,548.24",E,643.0
C0979,40,F,14,0,Basic,892.73,south,733.0
C1553,64,M,11,1,Basic,"1,386.77",north,792.0
C0636,27,F,9,0,Gold,"1,175.33",East,664.0
C0373,75,F,13,1,Basic,"1,885.68",north,705.0
C1674,65,M,10,0,Silver,"1,742.33",south,577.0
C1268,28,F,9,0,Gold,"1,060.58",E,728.0
C0411,38,M,14,3,Gold,"1,813.15",N,613.0
C0883,77,F,22,0,Basic,"1,459.76",E,584.0
C1638,81,M,19,0,Basic,"1,844.81",south,579.0
C1761,62,F,9,1,Basic,"1,044.98",south,629.0
C1722,27,F,19,3,Silver,952.17,N,655.0
C1612,49,M,11,1,Silver,"2,378.98",NORTH,773.0
C0757,23,M,23,1,Gold,"1,720.97",N,649.0
C1304,72,F,16,2,Basic,"1,642.75",NORTH,704.0
C1619,43,M,8,1,Basic,"1,784.24",NORTH,664.0
C0871,23,M,8,0,Basic,"1,250.44",west,721.0
C0285,28,M,7,2,Gold,"1,803.95",N,806.0
C0038,34,M,10,1,Basic,"1,411.89",north,850.0
C0557,81,F,2,0,Basic,"1,494.65",south,712.0
C0755,40,F,4,0,Gold,"1,262.35",NORTH,650.0
C0117,67,M,16,2,Basic,"1,240.42",E,762.0
C1158,50,M,23,1,Basic,"1,497.53",West,768.0
C1518,41,M,15,1,Silver,"1,337.69",NORTH,799.0
C0541,57,M,19,0,Basic,"1,424.07",E,645.0
C0603,68,M,17,6,Basic,838.14,NORTH,698.0
C1467,37,F,1,0,Gold,742.23,NORTH,650.0
C0186,61,F,5,1,Basic,"1,803.92",NORTH,758.0
C0387,80,F,1,0,Gold,"2,060.85",NORTH,656.0
C0554,26,M,22,0,Silver,"1,674.09",E,736.0
